"concentration_mean","concentration_median","concentration_mean_filtered","concentration_median_filtered","prob_contamination","time_contaminated_mean","time_contaminated_median","max_contam_bout_mean","max_contam_bout_median","contacts_mean","contacts_median","transfers_mean","transfers_median","temp_niche_mean","temp_niche_median","niches_estab_mean","niches_estab_median","food_cont_mean","food_cont_median","zone4_cont_mean","zone4_cont_median","random_cont_mean","random_cont_median","conc_mid_mon_mean","conc_mid_mon_median","conc_mid_mon_mean_filtered","conc_mid_mon_median_filtered","prob_cont_mon","conc_mid_tue_mean","conc_mid_tue_median","conc_mid_tue_mean_filtered","conc_mid_tue_median_filtered","prob_cont_tue","conc_mid_wed_mean","conc_mid_wed_median","conc_mid_wed_mean_filtered","conc_mid_wed_median_filtered","prob_cont_wed","conc_mid_thu_mean","conc_mid_thu_median","conc_mid_thu_mean_filtered","conc_mid_thu_median_filtered","prob_cont_thu","conc_mid_fri_mean","conc_mid_fri_median","conc_mid_fri_mean_filtered","conc_mid_fri_median_filtered","prob_cont_fri"
0,0,NA,NA,0,1.083,0,1.083,0,0,0,0,0,0,0,0,0,0,0,0,0,0.013,0,0,0,NA,NA,0,0,0,NA,NA,0,0.00176267941254199,0,1.76267941254199,1.76267941254199,0.001,0.001768,0,1.768,1.768,0.001,0.001776,0,1.776,1.776,0.001
1.12e-05,0,0.0016,2e-04,0.007,112.966,89,35.63,9,125.717,116,142.682,137,0.111,0,0,0,59.802,55,0,0,0.006,0,15.0062889988338,0.3295,16.563232890545,0.5709,0.906,14.1556797191603,0.281949998811394,15.5215786394302,0.507249995100058,0.912,13.4619974546519,0.3124,14.6167181918044,0.4667,0.921,13.1929500132404,0.2745,14.4977472672971,0.47855,0.91,13.7724063509446,0.2889,14.7772600332023,0.45255,0.932
1.21358110148371e-08,0,1.21358110148371e-05,1.21358110148371e-05,0.001,54.374,57,10.94,9,87.86,78,87.178,79,0.075,0,0,0,0,0,0,0,0.009,0,0.0103103971085866,4e-04,0.0155277064888353,0.0013,0.664,0.029903228966051,5e-04,0.0425365988137282,0.0017,0.703,0.0373714110884491,7e-04,0.0536945561615648,0.0022,0.696,0.0534656985170249,7e-04,0.0745686171785563,0.00201882576611183,0.717,0.0574182667144962,8e-04,0.0794166897849187,0.0024,0.723
485.643135222172,1.8576778650611,675.442469015539,10.3363081314331,0.719,161.372,224,161.016,224,17.881,14,17.745,14,0,0,1.621,1,0,0,0,0,0.015,0,77.7605773752258,0.22,132.697231015744,4.22,0.586,96.3316,0.32,155.373548387097,4.8,0.62,130.766345866113,0.6,198.733048428743,5.76,0.658,188.969290284302,0.88,277.896015123974,7.54,0.68,268.27357141422,1.36,379.990894354419,8.7,0.706
50.5575385997701,0.214749527331672,67.2307694145879,1.07918933761788,0.752,169.399,215,159.111,203,18.032,14,18.242,13,0,0,2.028,1,0,0,0,0,0.005,0,17.128168,0.0472,26.4732117465224,0.7648,0.647,22.101688,0.0568,32.9875940298507,0.628,0.67,28.058896,0.0792,40.8426433770015,0.768,0.687,34.7780432,0.1048,49.0522471086037,0.784,0.709,44.0035008,0.1136,60.7783160220994,0.9208,0.724
0.769575879627259,0.00334477951364675,0.982855529536729,0.0123702240804328,0.783,199.237,247,166.627,188,113.688,110,51.739,42,0,0,17.143,18,0,0,0,0,0.009,0,0.274203032256307,0.000579434978484117,0.389492943545891,0.00681310401579683,0.704,0.217075956968487,0.00111311738846882,0.30065922017796,0.00864690122765348,0.722,0.31665220604389,0.00151519174368235,0.424466764133901,0.0105102805085719,0.746,0.377472557123467,0.00268366223283512,0.48706136403028,0.00935186099733049,0.775,0.459712074404996,0.00352479051088927,0.587867102819687,0.0124622089527253,0.782
0.00473997890263739,0,0.059999732944777,6e-04,0.079,182.279,226,110.928,127,96.308,91.5,119.807,114,0.017,0,0,0,0,0,0,0,0.009,0,0.583166260583344,0.000405064256035555,1.01596909509293,0.0125574955041969,0.574,1.44625333032696,0.00421629165171813,1.99758747282729,0.0325541131906475,0.724,2.3920711414294,0.00984768471189659,3.11873682063807,0.0441479950910465,0.767,3.63678016666656,0.0154773491109964,4.56881930485748,0.0529108738552399,0.796,5.15923012261629,0.0217918835838233,6.2009977435292,0.0674049042036371,0.832
0.00121901503726479,0,0.0132501634485304,1.15009675822208e-05,0.092,189.456,226.5,108.012,124,83.71,78,93.672,91,0.026,0,0,0,0,0,0,0,0.005,0,0.0145289614362705,1.28727114116627e-05,0.0254002822312421,0.000939884483332092,0.572,0.0438749040869371,0.000193449019014071,0.0592103968784576,0.00121227082575793,0.741,0.0476626274572364,0.000323265899011341,0.0627139834963636,0.00195144072551861,0.76,0.0729841522203491,0.000431149745616316,0.0906635431308685,0.00171018369407852,0.805,0.0860783457768121,0.000541470781573516,0.108002943258234,0.00185060746875858,0.797
2.14677023341908e-05,0,0.00238530025935453,0.000476190476190476,0.009,60.384,41,24.63,8,18.79,15,12.744,8,0.056,0,0,0,0,0,0,0,0.009,0,7.30448577372799,0,17.9031514061961,0.648928571428571,0.408,9.56442170070488,0,20.7471186566266,0.441904761904762,0.461,9.74365531785934,0,20.4269503519064,0.533809523809524,0.477,9.78235129892477,0,20.5511581910184,0.332738095238095,0.476,8.28719985492517,0,17.5949041505842,0.525,0.471
6.51364530753693e-06,0,0.000592149573412448,0.000238095238095238,0.011,59.893,43.5,24.397,8,18.549,15,12.865,8,0.08,0,0,0,0,0,0,0,0.004,0,8.70772087763663,0,20.5370775415958,0.484761904761905,0.424,7.65718934617407,0,17.053873822214,0.309047619047619,0.449,9.99006932347505,0,20.640639098089,0.384761904761905,0.484,9.18089356676474,0,19.0870968124007,0.324997618908709,0.481,8.6147788425739,0,18.6064337852568,0.381666666666667,0.463
4.38734945325491e-07,0,0.000109683736331373,8.23373486344337e-05,0.004,21.487,17,7.321,7,10.467,8,7.449,4,0.034,0,0,0,0,0,0,0,0.002,0,0.00286581385617182,0,0.0128511832115328,0.0019047619047619,0.223,0.0212755356077359,0,0.0851021424309435,0.00273809523809524,0.25,0.0164269892965912,0,0.0599525156809899,0.00333333333333333,0.274,0.0207913370965605,0,0.071942342894673,0.00357142857142857,0.289,0.0448541866035546,0,0.167366367923711,0.00583333333333333,0.268
2.07988656814528e-06,0,0.000519971642036319,7.86580642433853e-05,0.004,21.74,18,7.611,7,10.372,8,7.376,4,0.037,0,0,0,0,0,0,0,0.013,0,0.00247178816655375,0,0.0118835969545853,0.0019047619047619,0.208,0.0157934924889457,0,0.0642011889794539,0.00261904761904762,0.246,0.025373668748258,0,0.0929438415687106,0.0030952380952381,0.273,0.0291801531563783,0,0.107279974839626,0.00333333333333333,0.272,0.0383577398308448,0,0.134588560809982,0.00404761904761905,0.285
0.177709567985555,0.000172585309354727,0.29373482311662,0.0042904939452602,0.605,138.375,135,115.165,75.5,72.672,52,102.774,82,0,0,15.471,12,0,0,0,0,0.011,0,0.0305262871538887,2.29736521609237e-05,0.0587043983728628,0.00191490661423586,0.52,0.0454946842755409,2.32654503552166e-05,0.0836299343300383,0.00237222528199969,0.544,0.0698789167933798,4.59396412156886e-05,0.127284001445136,0.0027395065332001,0.549,0.0897295473033371,6.88014419928338e-05,0.154973311404727,0.0037240411192386,0.579,0.132754075156569,0.000117405956343139,0.217986987120803,0.00337904009794176,0.609
0.00197142110387152,0,0.00646367575039843,0.000202171108294279,0.305,50.494,0,48.787,0,18.184,12,22.216,13,0,0,0.199,0,0,0,0,0,0.004,0,0.000194773256260751,0,0.00107018272670742,0.000115055444879934,0.182,0.000286625453582602,0,0.00136488311229811,0.000151146303145658,0.21,0.000406903941977401,0,0.00172416924566696,0.000149479190653133,0.236,0.000637021289728722,0,0.00232489521798804,0.000138466673810557,0.274,0.00105425793707159,0,0.00364795133934808,0.000184731420611122,0.289
1.57179049477635,0,5.36447267841758,0.0379532294725405,0.293,44.949,0,43.882,0,10.63,7,12.63,7,0,0,0.39,0,0,0,0,0,0.005,0,0.17069831048228,0,1.08036905368532,0.0135661232739467,0.158,0.309884811219917,0,1.59734438773153,0.0178452743143781,0.194,0.462068272179216,0,2.07205503219379,0.0179292789169509,0.223,0.591569689353276,0,2.36627875741311,0.0247062235268692,0.25,0.778262439281578,0,2.83004523375119,0.0312463832600622,0.275
0.465451012540985,0,1.62745109280065,0.01462340797631,0.286,47.03,0,45.44,0,10.716,7,12.927,7,0,0,0.403,0,0,0,0,0,0.009,0,0.0581947951262684,0,0.344347900155434,0.00656984898616041,0.169,0.0862903994353741,0,0.410906663977972,0.00645899652592792,0.21,0.136914579198997,0,0.577698646409269,0.00803048345425139,0.237,0.191336057718179,0,0.759270070310233,0.00967973427728712,0.252,0.240046612125831,0,0.860382122314806,0.012841064439936,0.279
0.00727167044016896,0,0.0146606258874374,0.000199120797434382,0.496,97.531,44.5,87.923,36,58.48,19,63.983,22.5,0,0,15.357,7,0,0,0,0,0.006,0,0.000962794344211126,0,0.00261628897883458,0.000141649899396378,0.368,0.00138118627106709,0,0.00347905861729745,0.000170623620956742,0.397,0.00192827498257561,0,0.00455856969876031,0.000173843058350101,0.423,0.00276624867318532,0,0.00633008849699158,0.000212474849094567,0.437,0.00357149247080138,0,0.00761512253902214,0.000218913480885312,0.469
0.026455460383784,0,0.186306059040733,0.00563350956246308,0.142,19.94,0,19.83,0,6.49,2,1.164,0,0,0,0.222,0,0,0,0,0,0.007,0,0.00903813635426096,0,0.134897557526283,0.00212206094559036,0.067,0.00985378953490951,0,0.118720355842283,0.00212206094559036,0.083,0.0110357779475427,0,0.113770906675697,0.00318309141838554,0.097,0.0158634663522273,0,0.141638092430601,0.0047745138608571,0.112,0.0184682964028011,0,0.142063818483086,0.0047746371275783,0.13
0.00142510527147056,0,0.00386207390642429,9.58689497582469e-05,0.369,51.643,0,50.821,0,9.591,2,14.225,3,0,0,2.369,0,0,0,0,0,0.005,0,0.00013952922710241,0,0.000872057669390062,4.88130877448983e-05,0.16,0.000239630223296556,0,0.00123520733658019,5.17355528738303e-05,0.194,0.000359942922241063,0,0.00140602704000415,5.50220916498407e-05,0.256,0.000545273521833317,0,0.00178193961383437,6.47935450895374e-05,0.306,0.000842972011919975,0,0.00242233336758614,6.85914285534724e-05,0.348
0.00527042017154352,0,0.131760504288588,5.71428571428571e-05,0.04,128.008,136,75.438,75,40.153,25,58.075,41.5,0.011,0,0,0,0,0,0,0,0.008,0,0.0495569501950781,0,0.114186521186816,0.0023047619047619,0.434,0.0903118383367069,3.80952380952381e-05,0.166014408707182,0.00365714285714286,0.544,0.109327388468695,0.000152380952380952,0.182212314114491,0.00377142857142857,0.6,0.177363114211442,0.00019047619047619,0.288395307660881,0.00544761904761905,0.615,0.209655912051774,0.000380952380952381,0.333846993713016,0.00655238095238095,0.628
0,0,NA,NA,0,14.926,0,12.424,0,7.753,2,8.205,2,0.002,0,0,0,0,0,0,0,0.006,0,4.28799999566736e-06,0,0.000142933333188912,1.82857142857143e-05,0.03,6.27537555133383e-06,0,0.000118403312289318,2.74285714285714e-05,0.053,1.24068471145567e-05,0,0.000155085588931959,2.74285714285714e-05,0.08,1.65851424038259e-05,0,0.000165851424038259,2.74285714285714e-05,0.1,2.06811427621857e-05,0,0.000173791115648619,2.74285714285714e-05,0.119
1.27442892865264e-08,0,6.3721446432632e-06,6.3721446432632e-06,0.002,6.683,0,6.087,0,3.517,0,3.95,0,0.002,0,0,0,0,0,0,0,0.01,0,1.24675324675325e-08,0,6.23376623376623e-06,6.23376623376623e-06,0.002,1.4961038961039e-07,0,1.15084915084915e-05,8.31168831168831e-06,0.013,4.19740232254671e-07,0,1.447380111223e-05,4.15584415584416e-06,0.029,1.27584395244567e-06,0,2.8352087832126e-05,4.15584415584416e-06,0.045,2.25662229632241e-06,0,3.36809297958568e-05,8.31168831168831e-06,0.067
0.00134716683870906,0,0.0269433367741811,5.52655707871535e-05,0.05,143.093,167,83.58,98,43.006,29,61.139,45,0.015,0,0,0,0,0,0,0,0.01,0,0.0384436504222875,0,0.0988268648387853,0.00246854894469557,0.389,0.0766584173070361,5.42090364671183e-05,0.136646020155145,0.00353366679689428,0.561,0.151220405701073,0.000267812217627107,0.237767933492253,0.00498208508854567,0.636,0.171418704477552,0.000354054429246213,0.258550082168253,0.00552195046338149,0.663,0.267341145417519,0.000659365853716953,0.387450935387709,0.00619544219676408,0.69
0.311800021820308,0,0.730210823935147,0.0170680364921821,0.427,86.234,0,76.212,0,19.04,4,12.974,0,0,0,5.171,0,0,0,0,0,0.004,0,0.0619707425707314,0,0.20520113434017,0.0114666666666667,0.302,0.0763449315181483,0,0.242364861962376,0.00986666666666667,0.315,0.0760435411902734,0,0.223657474089039,0.0102666666666667,0.34,0.123081174401005,0,0.316404047303354,0.0112,0.389,0.187756397384931,0,0.452425053939594,0.0114666666666667,0.415
0,0,NA,NA,0,15.293,0,13.052,0,7.859,2,8.262,2,0.001,0,0,0,0,0,0,0,0.006,0,1.08907558327424e-06,0,3.30022904022498e-05,1.34453781512605e-05,0.033,5.14957974900263e-06,0,7.80239355909489e-05,2.6890756302521e-05,0.066,1.21008396588803e-05,0,0.000145793248902172,2.6890756302521e-05,0.083,2.10822014087386e-05,0,0.000204681567075132,4.03361344537815e-05,0.103,4.05781432445097e-05,0,0.000346821737132561,5.3781512605042e-05,0.117
0.00617309187579184,0,0.192909121118495,0.0012,0.032,103.163,87,66.959,75,22.155,9,20.496,6,0.013,0,0,0,0,0,0,0,0.008,0,0.0221094104997335,0,0.105786653108773,0.0048,0.209,0.0801850207548762,0,0.214973245991625,0.0138666666666667,0.373,0.213202922694447,0,0.47589938101439,0.0168,0.448,0.340416436405791,0.000266666666666667,0.64964968779731,0.0261333333333333,0.524,0.644551036641201,8e-04,1.11514020180139,0.0298666666666667,0.578
0.946399776965008,0.00167035176868884,1.46275081447451,0.0270891216782551,0.647,137.372,134,135.531,132,80.731,59.5,49.686,44.5,0,0,7.493,4,0,0,0,0,0.011,0,0.165895514028162,0.000100702640659614,0.32212721170517,0.0129557409079368,0.515,0.210021475992316,0.000202296875977586,0.378417073860029,0.0144161031889159,0.555,0.287664797778744,0.000401784405507422,0.502032805896586,0.0182755011470681,0.573,0.405010376911597,0.000602857037963617,0.675017294852661,0.0207382421696154,0.6,0.56953916516882,0.00106519805183932,0.906909498676465,0.0242821479723002,0.628
0.00361489754519331,0,0.602482924198884,0.140404814231888,0.006,1.249,0,1.249,0,0,0,0,0,0,0,0.006,0,0,0,0,0,0.006,0,0.0024179181286096,0,0.402986354768267,0.1076,0.006,0.0025936,0,0.432266666666667,0.1128,0.006,0.0027832,0,0.463866666666667,0.1184,0.006,0.002988,0,0.498,0.124,0.006,0.0032096,0,0.534933333333333,0.13,0.006
0.0998696939563305,0,5.54831633090725,0.06,0.018,66.364,26,45.779,23,14.342,3,6.777,1,0.007,0,0,0,0,0,0,0,0.009,0,2.40238,0,12.5779057591623,0.8,0.191,3.81832,0,12.4375244299674,0.84,0.307,6.54851999331139,0,18.1399445798099,0.96,0.361,10.4353999999202,0,25.0249400477703,1.18,0.417,13.104519967114,0,30.0562384566835,1.56,0.436
1.98443386619552e-05,0,0.00152648758938117,9.83606557377049e-05,0.013,46.351,0,30.476,0,14.284,1,13.22,1,0.006,0,0,0,0,0,0,0,0.005,0,0.000917148666031558,0,0.0129175868455149,0.00085580218476057,0.071,0.00254260562803514,0,0.0127769127036942,0.000661255498372946,0.199,0.00245879748084089,0,0.00884459525482334,0.000518614309985257,0.278,0.00543640537207276,0,0.0168832464971204,0.000824946589539869,0.322,0.00984874334620423,0,0.0280590978524337,0.00120572745354347,0.351
0.00825173988848832,0,0.0611239991739876,0.00303404360550365,0.135,18.59,0,18.239,0,6.397,1.5,6.792,1,0,0,1.191,0,0,0,0,0,0.007,0,0.00165999999936767,0,0.0307407407290309,0.00171428571428571,0.054,0.00200685690738296,0,0.0254032519921894,0.00171428571428571,0.079,0.00428285713174207,0,0.0432611831489097,0.00171428571428571,0.099,0.00486685711725233,0,0.044650065295893,0.00228571428571429,0.109,0.00592171327199619,0,0.0448614641817893,0.00285714285714286,0.132
227.446284648094,0.245468758437384,362.175612496965,5.66523750306992,0.628,125.75,127,116.779,98.5,13.006,9,10.95,4,0,0,16.485,12.5,0,0,0,0,0.012,0,40.7697749996829,0,84.5845954350268,4,0.482,60.1237749775108,0.025,113.870785942255,4.1375,0.528,59.743,0.05,107.066308243728,4.9625,0.558,90.115075,0.125,152.996731748727,5.425,0.589,133.224949998036,0.2,218.044108016425,5.675,0.611
3.69618256768609,0,9.45315234702326,0.249431776289266,0.391,74.675,0,67.345,0,7.265,0,5.903,0,0,0,0.508,0,0,0,0,0,0.01,0,0.789164089306532,0,2.67513250612384,0.0895255147717099,0.295,0.825246047658735,0,2.6281721263017,0.112735833416227,0.314,1.49677361575655,0,4.48135813100763,0.152524951092543,0.334,1.97628477958958,0,5.47447307365535,0.149208335925323,0.361,2.7442985405533,0,7.26004904908281,0.202261348187937,0.378
1.04560835061994e-07,0,2.61402087654985e-05,2.85933031623449e-05,0.004,52.666,56.5,10.633,9,75.942,68.5,63.297,57,0.073,0,0,0,0,0,0,0,0.013,0,0.00310950209231573,5e-04,0.00462035972112292,0.0014,0.673,0.0033691946641899,4e-04,0.00495469803557339,0.0015,0.68,0.0032917497724028,4e-04,0.00485508815988613,0.0014,0.678,0.00326030963286457,5e-04,0.0045919853984008,0.0014,0.71,0.00340660791191571,5e-04,0.00486658273130816,0.0014,0.7
7.71678923796819e-08,0,2.57226307932273e-05,2.789071739586e-05,0.003,51.92,55,10.349,9,74.91,67,63.062,57,0.068,0,0,0,0,0,0,0,0.016,0,0.00318000211774768,4e-04,0.00474627181753385,0.0015,0.67,0.00295134341012438,4e-04,0.00443811039116449,0.0013,0.665,0.00311007567499428,5e-04,0.00458037654638333,0.0013,0.679,0.00391329869558984,5e-04,0.00559042670798549,0.00132166439462933,0.7,0.0041318036541082,4e-04,0.00604064861711725,0.0013,0.684
7.2151673845177e-08,0,2.40505579483923e-05,2.20171988511863e-05,0.003,51.874,55,10.356,9,75.134,69,63.105,57,0.063,0,0,0,0,0,0,0,0.008,0,0.002803584397935,4e-04,0.00418445432527613,0.0013,0.67,0.00358764890490692,5e-04,0.00535469985807003,0.0014,0.67,0.00310799904747396,5e-04,0.00448484711035203,0.0014,0.693,0.00388937185747542,5e-04,0.00561236920270624,0.00139341325934256,0.693,0.00393323425453235,5e-04,0.00570033949932224,0.0015,0.69
1.7773089844639e-06,0,0.000161573544042173,0.000112096330426514,0.011,87.383,77,61.537,74,14.57,8,17.674,10,0.007,0,0,0,0,0,0,0,0.006,0,2.18719652891035e-05,0,0.000186939874265842,0.000111111111111111,0.117,0.000100048225573108,0,0.000322736211526155,0.000111111111111111,0.31,0.000152715044436309,0,0.000384672656010855,0.000125213127942074,0.397,0.000203132512001428,0,0.000436844111831028,0.000166666666666667,0.465,0.000255194869249784,5.55555555555556e-05,0.000492654187740896,0.000166666666666667,0.518
3.61987698375076e-06,0,0.000258562641696483,5.74995947752981e-05,0.014,87.662,77,61.504,74,13.966,8,17.578,10,0.013,0,0,0,0,0,0,0,0.005,0,8.3781779888358e-05,0,0.000716083588789385,0.000111111111111111,0.117,0.000215934118663197,0,0.000707980716928516,0.000111111111111111,0.305,0.00026118974003699,0,0.000652974350092475,0.000111111111111111,0.4,0.000308369074260689,0,0.000638445288324408,0.000166666666666667,0.483,0.000380735437640665,5.55555555555556e-05,0.000723831630495561,0.000166666666666667,0.526
4.90247884988681e-07,0,8.17079808314469e-05,5.65329377208133e-05,0.006,91.24,95.5,64.839,75,14.408,9,17.923,10,0.008,0,0,0,0,0,0,0,0.01,0,8.16444774985429e-05,0,0.00080836116335191,0.000111111111111111,0.101,0.000206193757149854,0,0.00067826893799294,0.000111111111111111,0.304,0.000265350145232965,0,0.000631786060078489,0.000111111111111111,0.42,0.000314422814836115,0,0.000633916965395393,0.000166665669509369,0.496,0.000429775638425055,5.55555555555556e-05,0.000771590015125772,0.000166666666666667,0.557
2.17778119671422e-07,0,2.17778119671422e-05,1.61260380642295e-05,0.01,11.753,0,10.443,0,3.337,0,3.484,0,0.001,0,0,0,0,0,0,0,0.007,0,3.52565398948414e-07,0,5.87608998247356e-05,2.44355423209851e-05,0.006,4.06646122519983e-06,0,0.00017680266196521,5.71428571428571e-05,0.023,1.05316837765278e-05,0,0.000210633675530555,5.71428571428571e-05,0.05,4.47304411487837e-05,0,0.000526240484103338,5.71428571428571e-05,0.085,4.963173872816e-05,0,0.000463848025496822,5.71428571428571e-05,0.107
8.46340414701111e-08,0,1.41056735783519e-05,1.52421879308694e-05,0.006,10.743,0,9.603,0,2.969,0,3.07,0,0,0,0,0,0,0,0,0,0.007,0,1.73135765398169e-06,0,0.000216419706747712,2.75266255079334e-05,0.008,5.20614364598872e-06,0,0.000274007560315196,4.44444444444444e-05,0.019,9.78188444670915e-06,0,0.000250817549915619,4.44444444444444e-05,0.039,5.61992830263531e-05,0,0.000921299721743493,4.44444444444444e-05,0.061,7.35921155236451e-05,0,0.000758681603336547,4.44444444444444e-05,0.097
9.77228212218658e-08,0,9.77228212218658e-06,8.75387961713827e-06,0.01,10.765,0,9.769,0,3.121,0,3.243,0,0.001,0,0,0,0,0,0,0,0.008,0,9.35023733214564e-07,0,6.23349155476376e-05,1.61194816853915e-05,0.015,2.54289006465306e-06,0,0.000133836319192266,3.62699281536839e-05,0.019,5.89647162047834e-06,0,0.000125456842988901,3.63636363636364e-05,0.047,8.60306647844967e-06,0,0.000130349492097722,3.63636363636364e-05,0.066,1.29794734921059e-05,0,0.000141081233609847,3.63636363636364e-05,0.092
2.58405523210698e-07,0,5.16811046421396e-05,5.53310925029893e-05,0.005,7.808,0,7.258,0,1.887,0,1.796,0,0,0,0,0,0,0,0,0,0.011,0,2.59798449096507e-05,0,0.00371140641566438,0.000133333333333333,0.007,2.66770181323546e-05,0,0.0014040535859134,0.000133333333333333,0.019,5.59595768347268e-05,0,0.00186531922782423,0.000133333333333333,0.03,8.43402421684302e-05,0,0.00210850605421075,0.000133333333333333,0.04,8.74610536066662e-05,0,0.00165020855861634,0.000133333333333333,0.053
3.16709853130153e-07,0,3.95887316412692e-05,2.25955262279171e-05,0.008,7.656,0,7.073,0,1.8,0,1.723,0,0.002,0,0,0,0,0,0,0,0.008,0,7.36951738534612e-05,0,0.00818835265038458,3.06202212239986e-05,0.009,7.27100588981569e-05,0,0.00363550294490785,6.66666666666667e-05,0.02,0.000120742168061006,0,0.00402473893536688,6.66666666666667e-05,0.03,0.000122496383486291,0,0.00322358903911293,6.66666666666667e-05,0.038,0.000119630440930708,0,0.00209877966545101,6.66666666666667e-05,0.057
7.54699384283889e-07,0,5.80537987910684e-05,2.61089258997061e-05,0.013,30.138,0,24.517,0,7.97,3,9.406,3,0.003,0,0,0,0,0,0,0,0.004,0,6.20863505798823e-07,0,3.44924169888235e-05,2.15749654703562e-05,0.018,1.57423951423763e-05,0,0.000180947070602027,0.000111111111111111,0.087,0.000112005369243124,0,0.00082966940180092,0.000111111111111111,0.135,0.000129843093980392,0,0.000652477859197952,0.000111111111111111,0.199,0.000149670517981525,0,0.000618473214799688,0.000111111111111111,0.242
4.87279281658532e-07,0,3.48056629756095e-05,3.16271446286776e-05,0.014,28.216,0,22.847,0,7.691,3,8.797,3,0,0,0,0,0,0,0,0,0.008,0,2.45002586727338e-05,0,0.00175001847662384,3.78424932968205e-05,0.014,0.000265075448519156,0,0.00348783484893627,0.000111111111111111,0.076,0.00026803077846279,0,0.00217911202002268,0.000111111111111111,0.123,0.000267140338031196,0,0.00146780405511646,0.000111111111111111,0.182,0.000283236923386982,0,0.00118509172965265,0.000111111111111111,0.239
9.92988762422835e-05,0,0.00763837509556027,3.80658357154921e-05,0.013,29.557,0,24.116,0,8.01,3,9.255,3,0.004,0,0,0,0,0,0,0,0.012,0,7.46247131155667e-05,0,0.00621872609296389,0.000111111111111111,0.012,9.67771485200715e-05,0,0.00130779930432529,0.000111111111111111,0.074,0.000118071332872681,0,0.000881129349796126,0.000111111111111111,0.134,0.000139751746503401,0,0.000803170956916096,0.000111111111111111,0.174,0.000154179599833086,0,0.00068221061873047,0.000111111111111111,0.226
1.98971872887354e-06,0,0.000198971872887354,3.05216742279574e-05,0.01,9.27,0,8.083,0,2.517,0,2.784,0,0.003,0,0,0,0,0,0,0,0.007,0,6.6773150780893e-05,0,0.00417332192380581,0.00038961038961039,0.016,0.000105854240184909,0,0.0046023582689091,0.00038961038961039,0.023,0.00014052777491161,0,0.00360327627978486,0.00012987012987013,0.039,0.000160936341866494,0,0.00321872683732988,0.00012987012987013,0.05,0.000171770818075608,0,0.00268391903243137,0.00012987012987013,0.064
9.19319361687139e-07,0,0.00045965968084357,0.00045965968084357,0.002,4.512,0,4.266,0,0.866,0,0.306,0,0.003,0,0,0,0,0,0,0,0.009,0,0.000672666567763718,0,0.112111094627286,0.0224166172151925,0.006,0.000641569460227419,0,0.0534641216856183,0.00108333333333333,0.012,0.000599071120648789,0,0.0427907943320563,0.00108333333333333,0.014,0.000571072820430955,0,0.0248292530622154,0.000333333333333333,0.023,0.000569574146733835,0,0.0219066979513014,0.000416666666666667,0.026
4.86529963016044e-07,0,8.10883271693407e-05,3.67086548541378e-05,0.006,53.06,0,36.251,0,18.983,2,19.886,0,0.003,0,0,0,0,0,0,0,0.012,0,0.00028410514242349,0,0.00169110203823506,0.000109714285714286,0.168,0.000522753727413188,0,0.0020580855409968,0.000146285714285714,0.254,0.000777526741855797,0,0.00265367488687985,0.000155428571428571,0.293,0.00169914991745777,0,0.0053264887694601,0.000192,0.319,0.00359391983921158,0,0.0102977645822681,0.000219428571428571,0.349
3.95129414136964e-07,0,0.000131709804712321,9.10721668330757e-05,0.003,17.811,0,12.744,0,16.693,0,9.333,0,0.004,0,0,0,0,0,0,0,0.006,0,1.67766938473114e-05,0,0.000262135841364241,8e-05,0.064,3.56132156946526e-05,0,0.000400148490951153,0.000187826086956522,0.089,5.1228593088787e-05,0,0.000539248348303021,0.000278260869565217,0.095,5.82233429470799e-05,0,0.000565275174243494,0.000222608695652174,0.103,7.36222543544316e-05,0,0.000669293221403924,0.00024,0.11
0.0139842110918596,0,1.74802638648246,0.990268517992261,0.008,1.933,0,1.933,0,0,0,0,0,0,0,0.008,0,0,0,0,0,0.008,0,0.0101168231545188,0,1.26460289431484,0.7192,0.008,0.0107056,0,1.3382,0.76,0.008,0.0113344,0,1.4168,0.804,0.008,0.0120032,0,1.5004,0.8512,0.008,0.0127152,0,1.5894,0.9016,0.008
0.0222065440122987,0,2.22065440122987,0.761666556283665,0.01,2.334,0,2.334,0,0,0,0,0,0,0,0.01,0,0,0,0,0,0.01,0,0.00984120185178528,0,1.09346687242059,0.311601851785284,0.009,0.0110992,0,1.23324444444444,0.3472,0.009,0.0146288,0,1.46288,0.4768,0.01,0.0163664,0,1.63664,0.5136,0.01,0.018344,0,1.8344,0.5784,0.01
0.0162362145612222,0,2.02952682015277,1.25845327248472,0.008,1.852,0,1.852,0,0,0,0,0,0,0,0.008,0,0,0,0,0,0.008,0,0.0079792,0,0.9974,0.8608,0.008,0.008968,0,1.121,0.916,0.008,0.01012,0,1.265,0.9768,0.008,0.0114672,0,1.4334,1.044,0.008,0.0130432,0,1.6304,1.1184,0.008
0.0198725598973297,0,2.20806221081441,0.810389586932789,0.009,1.492,0,1.492,0,0,0,0,0,0,0,0.009,0,0,0,0,0,0.009,0,0.0037184,0,0.619733333333333,0.4568,0.006,0.0047056,0,0.784266666666667,0.4936,0.006,0.0088576,0,1.1072,0.536,0.008,0.0114064,0,1.26737777777778,0.6384,0.009,0.0139248,0,1.5472,0.7008,0.009
0.0161267396060269,0,1.79185995622522,0.846173953294621,0.009,1.756,0,1.756,0,0,0,0,0,0,0,0.009,0,0,0,0,0,0.009,0,0.0098034966412888,0,1.2254370801611,0.704148320644399,0.008,0.0105632,0,1.3204,0.7528,0.008,0.0114048,0,1.4256,0.8048,0.008,0.012336,0,1.542,0.86,0.008,0.0133728,0,1.6716,0.9376,0.008
0.00104689439806288,0,0.348964799354295,0.265897129560159,0.003,0.562,0,0.562,0,0,0,0,0,0,0,0.003,0,0,0,0,0,0.003,0,0.000833143756888288,0,0.277714585629429,0.2,0.003,0.0008672,0,0.289066666666667,0.2096,0.003,0.0009024,0,0.3008,0.2208,0.003,0.0009392,0,0.313066666666667,0.232,0.003,0.0009792,0,0.3264,0.2448,0.003
0.0230777906952394,0,2.30777906952394,0.590170749593334,0.01,1.862,0,1.862,0,0,0,0,0,0,0,0.01,0,0,0,0,0,0.01,0,0.0086112,0,1.23017142857143,0.3008,0.007,0.0109984,0,1.3748,0.3408,0.008,0.0122336,0,1.5292,0.3576,0.008,0.014536,0,1.61511111111111,0.4048,0.009,0.0168416,0,1.87128888888889,0.4256,0.009
0.00694295803038798,0,1.3885916060776,1.643054665547,0.005,1.317,0,1.317,0,0,0,0,0,0,0,0.005,0,0,0,0,0,0.005,0,0.0038672,0,0.77344,0.3984,0.005,0.0041984,0,0.83968,0.5296,0.005,0.0045952,0,0.91904,0.704,0.005,0.0050752,0,1.01504,0.936,0.005,0.0056608,0,1.13216,1.2432,0.005
0.0321614842808043,0,4.02018553510054,0.813285467453148,0.008,1.678,0,1.678,0,0,0,0,0,0,0,0.008,0,0,0,0,0,0.008,0,0.0090016,0,1.80032,0.5584,0.005,0.0132912,0,1.89874285714286,0.608,0.007,0.0153776,0,1.9222,0.6384,0.008,0.0181968,0,2.2746,0.6824,0.008,0.0220928,0,2.7616,0.7288,0.008
0.0128005946153074,0,1.60007432691343,0.386858316365348,0.008,1.502,0,1.502,0,0,0,0,0,0,0,0.008,0,0,0,0,0,0.008,0,0.00616,0,1.02666666666667,0.7252,0.006,0.006956,0,1.15933333333333,0.8188,0.006,0.0078656,0,1.31093333333333,0.9244,0.006,0.0089056,0,1.48426666666667,1.044,0.006,0.0103808,0,1.48297142857143,0.3872,0.007
0.00987077478729997,0,0.987077478729997,0.509848592905689,0.01,1.927,0,1.927,0,0,0,0,0,0,0,0.01,0,0,0,0,0,0.01,0,0.00388454724383448,0,0.554935320547783,0.2848,0.007,0.00442,0,0.631428571428571,0.308,0.007,0.00552380477642715,0,0.613756086269684,0.3328,0.009,0.0068688,0,0.68688,0.3912,0.01,0.0078624,0,0.78624,0.4304,0.01
0.00306637228638122,0,0.340708031820136,0.221971890304306,0.009,1.879,0,1.879,0,0,0,0,0,0,0,0.009,0,0,0,0,0,0.009,0,0.0015813738429883,0,0.197671730373538,0.1396,0.008,0.0017256,0,0.2157,0.1536,0.008,0.0021784,0,0.242044444444444,0.1704,0.009,0.0023904,0,0.2656,0.184,0.009,0.0026256,0,0.291733333333333,0.1968,0.009
0.00734961051064805,0,0.734961051064805,0.471386844373549,0.01,1.818,0,1.818,0,0,0,0,0,0,0,0.01,0,0,0,0,0,0.01,0,0.00269885447180765,0,0.337356808975956,0.316902780771372,0.008,0.0029448,0,0.3681,0.3456,0.008,0.0052648,0,0.584977777777778,0.4504,0.009,0.0057592,0,0.639911111111111,0.4896,0.009,0.0063056,0,0.700622222222222,0.532,0.009
0.00711346631427893,0,1.01620947346842,0.477190347891632,0.007,1.534,0,1.534,0,0,0,0,0,0,0,0.007,0,0,0,0,0,0.007,0,0.00238226829370865,0,0.397044715618108,0.266734146854323,0.006,0.0028,0,0.466666666666667,0.3244,0.006,0.00332,0,0.553333333333333,0.4024,0.006,0.003972,0,0.662,0.4676,0.006,0.00520506898046916,0,0.743581282924165,0.412268980469157,0.007
0.114530660112692,0,9.54422167605769,0.995979231347245,0.012,2.454,0,2.454,0,0,0,0,0,0,0,0.012,0,0,0,0,0,0.012,0,0.0212208,0,2.12208,0.6324,0.01,0.0279409246233599,0,2.54008405666908,0.4688,0.011,0.0391768,0,3.26473333333333,0.7364,0.012,0.0522424,0,4.35353333333333,0.7976,0.012,0.0700808,0,5.84006666666667,0.866,0.012
0.00245627794408922,0,0.350896849155603,0.299153413817767,0.007,1.422,0,1.422,0,0,0,0,0,0,0,0.007,0,0,0,0,0,0.007,0,0.0013256,0,0.26512,0.2408,0.005,0.0015136,0,0.252266666666667,0.1784,0.006,0.0019434442505377,0,0.277634892933958,0.26,0.007,0.0020712,0,0.295885714285714,0.2704,0.007,0.002208,0,0.315428571428571,0.2808,0.007
0.0315465904447352,0,2.86787185861229,0.199864074057029,0.011,2.651,0,2.651,0,0,0,0,0,0,0,0.011,0,0,0,0,0,0.011,0,0.0080008,0,0.80008,0.1364,0.01,0.0099792,0,0.99792,0.1444,0.01,0.0125672,0,1.25672,0.1544,0.01,0.015968,0,1.5968,0.1648,0.01,0.0207168,0,1.88334545454545,0.1848,0.011
0.0186386115594389,0,1.69441923267627,0.386452544719304,0.011,2.228,0,2.228,0,0,0,0,0,0,0,0.011,0,0,0,0,0,0.011,0,0.00662089744267642,0,0.735655271408491,0.20701895499533,0.009,0.0076592,0,0.851022222222222,0.2312,0.009,0.0090296,0,0.90296,0.2352,0.01,0.0107816,0,1.07816,0.2668,0.01,0.0130896,0,1.30896,0.3496,0.01
0.0840204313034072,0,10.5025539129259,0.382127052143871,0.008,1.655,0,1.655,0,0,0,0,0,0,0,0.008,0,0,0,0,0,0.008,0,0.0144368,0,2.88736,0.1304,0.005,0.0197424,0,3.2904,0.1492,0.006,0.0277128,0,3.4641,0.2216,0.008,0.0374832,0,4.6854,0.254,0.008,0.050828,0,6.3535,0.294,0.008
0.0089719315104978,0,0.74766095920815,0.369806843478514,0.012,2.441,0,2.441,0,0,0,0,0,0,0,0.012,0,0,0,0,0,0.012,0,0.0040328,0,0.448088888888889,0.2096,0.009,0.00437160183310048,0,0.437160183310048,0.2348,0.01,0.004736,0,0.4736,0.2652,0.01,0.0051368,0,0.51368,0.3,0.01,0.0057112,0,0.5192,0.2952,0.011
0.00977172673086552,0,1.08574741454061,0.313926943956597,0.009,1.555,0,1.555,0,0,0,0,0,0,0,0.009,0,0,0,0,0,0.009,0,0.0046376,0,0.772933333333333,0.3244,0.006,0.0055272,0,0.7896,0.3248,0.007,0.006216,0,0.777,0.2504,0.008,0.0069656,0,0.8707,0.2652,0.008,0.0080712,0,0.8968,0.256,0.009
0.0441067060034243,0,5.51333825042804,0.972117722012148,0.008,1.502,0,1.502,0,0,0,0,0,0,0,0.008,0,0,0,0,0,0.008,0,0.0078954489102649,0,1.31590815171082,0.761724455132452,0.006,0.0102832,0,1.71386666666667,0.7952,0.006,0.01364,0,2.27333333333333,0.8304,0.006,0.0184504,0,2.63577142857143,0.7624,0.007,0.0251576,0,3.59394285714286,0.7928,0.007
0.0181541382631841,0,1.39647217409108,1.40789289706307,0.013,2.955,0,2.955,0,0,0,0,0,0,0,0.013,0,0,0,0,0,0.013,0,0.00841882590261799,0,0.765347809328908,0.5512,0.011,0.0093824,0,0.852945454545455,0.7736,0.011,0.01054,0,0.958181818181818,1.0856,0.011,0.0122291793290025,0,0.940706102230964,1.1064,0.013,0.0140568,0,1.08129230769231,1.244,0.013
0.0261323056791336,0,2.1776921399278,0.856713763359561,0.012,2.938,0,2.938,0,0,0,0,0,0,0,0.012,0,0,0,0,0,0.012,0,0.007104,0,0.645818181818182,0.584,0.011,0.0088,0,0.733333333333333,0.5296,0.012,0.01086,0,0.905,0.6192,0.012,0.0135824,0,1.13186666666667,0.7344,0.012,0.0172192,0,1.43493333333333,0.7956,0.012
0.00688353335087685,0,0.983361907268122,0.739586253782223,0.007,1.211,0,1.211,0,0,0,0,0,0,0,0.007,0,0,0,0,0,0.007,0,0.001832,0,0.3664,0.264,0.005,0.0021952,0,0.43904,0.2784,0.005,0.0026448,0,0.52896,0.2936,0.005,0.003204,0,0.6408,0.3168,0.005,0.00395456161652198,0,0.659093602753663,0.3816,0.006
0.0162555698644353,0,1.35463082203628,0.843272666568697,0.012,2.12,0,2.12,0,0,0,0,0,0,0,0.012,0,0,0,0,0,0.012,0,0.00804106792621233,0,1.00513349077654,0.508,0.008,0.0092296,0,1.02551111111111,0.504,0.009,0.010704122044277,0,0.97310200402518,0.5688,0.011,0.0117056,0,1.06414545454545,0.6424,0.011,0.0128136,0,1.16487272727273,0.6856,0.011
0.00458844002058163,0,0.509826668953514,0.171414405865058,0.009,2.16,0,2.16,0,0,0,0,0,0,0,0.009,0,0,0,0,0,0.009,0,0.0031072,0,0.443885714285714,0.1056,0.007,0.00350323303439108,0,0.437904129298885,0.144,0.008,0.0037056,0,0.4632,0.154,0.008,0.0039544,0,0.439377777777778,0.1368,0.009,0.0041832,0,0.4648,0.1488,0.009
0.000422253648481594,0,0.0703756080802656,0.0306759494926505,0.006,1.398,0,1.398,0,0,0,0,0,0,0,0.006,0,0,0,0,0,0.006,0,0.000318461538461538,0,0.0530769230769231,0.0169538461538462,0.006,0.000334461538461538,0,0.0557435897435897,0.0188307692307692,0.006,0.000351446153846154,0,0.058574358974359,0.0209230769230769,0.006,0.000369353846153846,0,0.0615589743589744,0.0232307692307692,0.006,0.000388430769230769,0,0.0647384615384615,0.0258153846153846,0.006
0,0,NA,NA,0,0.233,0,0.233,0,0,0,0,0,0,0,0,0,0,0,0,0,0.003,0,0,0,NA,NA,0,0,0,NA,NA,0,0,0,NA,NA,0,0,0,NA,NA,0,0,0,NA,NA,0
0,0,NA,NA,0,0.439,0,0.439,0,0,0,0,0,0,0,0,0,0,0,0,0,0.005,0,0,0,NA,NA,0,0,0,NA,NA,0,0,0,NA,NA,0,0,0,NA,NA,0,0,0,NA,NA,0
0,0,NA,NA,0,0.553,0,0.553,0,0,0,0,0,0,0,0,0,0,0,0,0,0.006,0,1.08592986464478e-05,0,0.0108592986464478,0.0108592986464478,0.001,1.096e-05,0,0.01096,0.01096,0.001,1.104e-05,0,0.01104,0.01104,0.001,1.112e-05,0,0.01112,0.01112,0.001,1.12e-05,0,0.0112,0.0112,0.001
0,0,NA,NA,0,0.17,0,0.17,0,0,0,0,0,0,0,0,0,0,0,0,0,0.004,0,3.92831442089574e-05,0,0.0392831442089574,0.0392831442089574,0.001,3.944e-05,0,0.03944,0.03944,0.001,3.96e-05,0,0.0396,0.0396,0.001,3.976e-05,0,0.03976,0.03976,0.001,3.992e-05,0,0.03992,0.03992,0.001
0,0,NA,NA,0,0.869,0,0.869,0,0,0,0,0,0,0,0,0,0,0,0,0,0.01,0,0.000105789275624506,0,0.0528946378122529,0.0528946378122529,0.002,0.000122890200586048,0,0.0409634001953494,0.0260798318050852,0.003,0.00012536,0,0.0417866666666667,0.02624,0.003,0.00012792,0,0.04264,0.0264,0.003,0.00013048,0,0.0434933333333333,0.02656,0.003
0,0,NA,NA,0,0.479,0,0.479,0,0,0,0,0,0,0,0,0,0,0,0,0,0.007,0,4.99783275551864e-05,0,0.0499783275551864,0.0499783275551864,0.001,6.25066421737327e-05,0,0.0312533210868663,0.0312533210868663,0.002,6.288e-05,0,0.03144,0.03144,0.002,6.31999326752146e-05,0,0.0315999663376073,0.0315999663376073,0.002,0.000113556769115689,0,0.0283891922789223,0.0310675130675428,0.004
0,0,NA,NA,0,0.653,0,0.653,0,0,0,0,0,0,0,0,0,0,0,0,0,0.008,0,0.000219665310600493,0,0.219665310600493,0.219665310600493,0.001,0.000313622751969897,0,0.104540917323299,0.08544,0.003,0.000322996151610001,0,0.0807490379025002,0.0462580758050004,0.004,0.000325759946709388,0,0.0814399866773471,0.0464799733546941,0.004,0.000397973356843453,0,0.0663288928072422,0.0347467941254199,0.006
0,0,NA,NA,0,0.514,0,0.514,0,0,0,0,0,0,0,0,0,0,0,0,0,0.003,0,8e-08,0,8e-05,8e-05,0.001,8e-08,0,8e-05,8e-05,0.001,8e-08,0,8e-05,8e-05,0.001,8e-08,0,8e-05,8e-05,0.001,8e-08,0,8e-05,8e-05,0.001
0,0,NA,NA,0,0.264,0,0.264,0,0,0,0,0,0,0,0,0,0,0,0,0,0.004,0,0,0,NA,NA,0,0,0,NA,NA,0,0,0,NA,NA,0,2.3356971836064e-06,0,0.0023356971836064,0.0023356971836064,0.001,2.4e-06,0,0.0024,0.0024,0.001
0,0,NA,NA,0,6.765,0,5.944,0,1.353,0,0.722,0,0,0,0,0,0,0,0,0,0.011,0,0.000144207950070569,0,0.0240346583450948,0.00124,0.006,0.000131489032043975,0,0.00773464894376321,0.00024,0.017,0.00013208,0,0.00471714285714286,0.00024,0.028,0.000114719987599839,0,0.0034763632606012,0.00024,0.033,0.00019799999343007,0,0.00471428555785882,0.00028,0.042
4.85032720296653e-08,0,2.42516360148326e-05,2.42516360148326e-05,0.002,7.152,0,6.007,0,1.392,0,0.822,0,0,0,0,0,0,0,0,0,0.01,0,9.18925817755622e-05,0,0.0114865727219453,0.00028,0.008,9.38059730830446e-05,0,0.00493715647805498,0.00016,0.019,0.000105566338046749,0,0.00351887793489164,0.0003199964157623,0.03,0.000115486967381438,0,0.00288717418453594,2e-04,0.04,0.000125298091548695,0,0.0026659168414616,0.00016,0.047
0,0,NA,NA,0,0.66,0,0.66,0,0,0,0,0,0,0,0,0,0,0,0,0,0.009,0,0,0,NA,NA,0,0,0,NA,NA,0,0,0,NA,NA,0,9.09106125571659e-05,0,0.0454553062785829,0.0454553062785829,0.002,9.192e-05,0,0.04596,0.04596,0.002
1.95727908715267e-08,0,1.95727908715267e-05,1.95727908715267e-05,0.001,5.955,0,5.148,0,1.303,0,0.683,0,0,0,0,0,0,0,0,0,0.005,0,3.37879330909747e-06,0,0.000844698327274367,0.00044,0.004,8.49892103285924e-06,0,0.000607065788061374,2e-04,0.014,1.23390496246618e-05,0,0.000560865892030083,2e-04,0.022,2.40945265944834e-05,0,0.000730137169529801,0.00016,0.033,3.42593022675518e-05,0,0.000796727959710506,0.0002399928315246,0.043
0,0,NA,NA,0,7.271,0,6.085,0,1.426,0,0.86,0,0.002,0,0,0,0,0,0,0,0.009,0,6.07233323032894e-05,0,0.00867476175761277,0.00032,0.007,5.15999996906179e-05,0,0.00303529409944811,0.00048,0.017,4.648e-05,0,0.00149935483870968,0.00024,0.031,4.864e-05,0,0.00124717948717949,0.00024,0.039,4.62399963016085e-05,0,0.00100521731090453,0.00016,0.046
9.80770528912166e-05,0,0.0326923509637389,0.000162889220137931,0.003,6.479,0,5.637,0,1.338,0,0.688,0,0.002,0,0,0,0,0,0,0,0.009,0,0.000222831341658155,0,0.0318330488083078,8e-05,0.007,0.000227690474443526,0,0.0151793649629017,0.00024,0.015,0.000182970510481333,0,0.0079552395861449,0.00024,0.023,0.000175690546643129,0,0.00605829471183204,0.00032,0.029,0.000146090579887986,0,0.00356318487531674,0.00024,0.041
5.69917054183717e-05,0,0.0189972351394572,0.00016,0.003,7.34,0,6.404,0,1.418,0,0.894,0,0.002,0,0,0,0,0,0,0,0.01,0,2.86255370069461e-05,0,0.00318061522299402,8e-05,0.009,0.00025856,0,0.0117527272727273,2e-04,0.022,0.00025607951581204,0,0.00853598386040132,0.00024,0.03,0.000320331974768708,0,0.0074495808085746,0.00024,0.043,0.000377679996935456,0,0.00740549013598933,0.00024,0.051
0,0,NA,NA,0,0.507,0,0.507,0,0,0,0,0,0,0,0,0,0,0,0,0,0.005,0,0,0,NA,NA,0,0,0,NA,NA,0,0,0,NA,NA,0,0,0,NA,NA,0,0,0,NA,NA,0
8e-08,0,8e-05,8e-05,0.001,7.521,0,6.411,0,1.452,0,0.868,0,0,0,0,0,0,0,0,0,0.011,0,3.93599992528995e-05,0,0.00491999990661244,0.00119999962644976,0.008,4.128e-05,0,0.00217263157894737,0.00032,0.019,4.53599917310181e-05,0,0.00161999970467922,0.00032,0.028,4.98399999206056e-05,0,0.00146588235060605,4e-04,0.034,5.616e-05,0,0.00127636363636364,0.00032,0.044
0,0,NA,NA,0,0.109,0,0.109,0,0,0,0,0,0,0,0,0,0,0,0,0,0.007,0,0.00139973766447247,0,1.39973766447247,1.39973766447247,0.001,0.000115445650375568,0,0.115445650375568,0.115445650375568,0.001,0,0,NA,NA,0,0,0,NA,NA,0,0,0,NA,NA,0
0,0,NA,NA,0,0.057,0,0.057,0,0,0,0,0,0,0,0,0,0,0,0,0,0.005,0,0,0,NA,NA,0,0,0,NA,NA,0,0,0,NA,NA,0,0,0,NA,NA,0,0,0,NA,NA,0
0,0,NA,NA,0,0.088,0,0.088,0,0,0,0,0,0,0,0,0,0,0,0,0,0.008,0,0.00168741649861598,0,1.68741649861598,1.68741649861598,0.001,0.00442219986140825,0,4.42219986140825,4.42219986140825,0.001,0,0,NA,NA,0,0,0,NA,NA,0,0,0,NA,NA,0
0.00298130442072239,0,2.98130442072239,2.98130442072239,0.001,0.215,0,0.215,0,0,0,0,0,0,0,0,0,0,0,0,0,0.012,0,0.00389241707414313,0,3.89241707414313,3.89241707414313,0.001,0,0,NA,NA,0,0,0,NA,NA,0,0,0,NA,NA,0,0.00348465165593979,0,3.48465165593979,3.48465165593979,0.001
0,0,NA,NA,0,0.138,0,0.138,0,0,0,0,0,0,0,0,0,0,0,0,0,0.013,0,0.000115224870059731,0,0.115224870059731,0.115224870059731,0.001,0,0,NA,NA,0,0,0,NA,NA,0,0,0,NA,NA,0,0,0,NA,NA,0
0,0,NA,NA,0,0.021,0,0.021,0,0,0,0,0,0,0,0,0,0,0,0,0,0.005,0,0,0,NA,NA,0,0,0,NA,NA,0,0,0,NA,NA,0,0,0,NA,NA,0,0,0,NA,NA,0
0,0,NA,NA,0,0.095,0,0.095,0,0,0,0,0,0,0,0,0,0,0,0,0,0.006,0,0,0,NA,NA,0,0.00436133814282584,0,4.36133814282584,4.36133814282584,0.001,0,0,NA,NA,0,0.00228182126743635,0,2.28182126743635,2.28182126743635,0.001,4.8e-06,0,0.0048,0.0048,0.001
0,0,NA,NA,0,0.161,0,0.161,0,0,0,0,0,0,0,0,0,0,0,0,0,0.01,0,0.000815754544151608,0,0.407877272075804,0.407877272075804,0.002,0.000111599126072397,0,0.111599126072397,0.111599126072397,0.001,4.45057089733604e-05,0,0.0445057089733604,0.0445057089733604,0.001,0,0,NA,NA,0,0,0,NA,NA,0
0,0,NA,NA,0,0.069,0,0.069,0,0,0,0,0,0,0,0,0,0,0,0,0,0.005,0,5.64180737839198e-05,0,0.0564180737839198,0.0564180737839198,0.001,0,0,NA,NA,0,0,0,NA,NA,0,0,0,NA,NA,0,0,0,NA,NA,0
0,0,NA,NA,0,0.186,0,0.186,0,0,0,0,0,0,0,0,0,0,0,0,0,0.017,0,0,0,NA,NA,0,0.00149692781005277,0,1.49692781005277,1.49692781005277,0.001,0,0,NA,NA,0,0.000517345062053674,0,0.258672531026837,0.258672531026837,0.002,0,0,NA,NA,0
0,0,NA,NA,0,0.093,0,0.093,0,0,0,0,0,0,0,0,0,0,0,0,0,0.007,0,0.00142746910407605,0,0.713734552038026,0.713734552038026,0.002,0,0,NA,NA,0,0,0,NA,NA,0,0,0,NA,NA,0,0.000556159001411375,0,0.556159001411375,0.556159001411375,0.001
0,0,NA,NA,0,0.077,0,0.077,0,0,0,0,0,0,0,0,0,0,0,0,0,0.005,0,0.00311003537860255,0,3.11003537860255,3.11003537860255,0.001,0,0,NA,NA,0,0,0,NA,NA,0,0,0,NA,NA,0,0,0,NA,NA,0
0,0,NA,NA,0,0.1,0,0.1,0,0,0,0,0,0,0,0,0,0,0,0,0,0.006,0,0,0,NA,NA,0,0.000711533316353308,0,0.355766658176654,0.355766658176654,0.002,0,0,NA,NA,0,0,0,NA,NA,0,0,0,NA,NA,0
0,0,NA,NA,0,0.118,0,0.118,0,0,0,0,0,0,0,0,0,0,0,0,0,0.011,0,0.000296207375619261,0,0.296207375619261,0.296207375619261,0.001,0,0,NA,NA,0,0,0,NA,NA,0,0,0,NA,NA,0,0.000177433053635879,0,0.177433053635879,0.177433053635879,0.001
0,0,NA,NA,0,0.045,0,0.045,0,0,0,0,0,0,0,0,0,0,0,0,0,0.005,0,0.000638807971399561,0,0.638807971399561,0.638807971399561,0.001,0,0,NA,NA,0,0,0,NA,NA,0,0,0,NA,NA,0,0,0,NA,NA,0
0,0,NA,NA,0,0.058,0,0.058,0,0,0,0,0,0,0,0,0,0,0,0,0,0.006,0,0,0,NA,NA,0,0.00104016757477559,0,1.04016757477559,1.04016757477559,0.001,0,0,NA,NA,0,0,0,NA,NA,0,0,0,NA,NA,0
0,0,NA,NA,0,0.117,0,0.117,0,0,0,0,0,0,0,0,0,0,0,0,0,0.01,0,0.00155431404775968,0,0.77715702387984,0.77715702387984,0.002,0,0,NA,NA,0,0,0,NA,NA,0,0,0,NA,NA,0,0,0,NA,NA,0
0,0,NA,NA,0,0.15,0,0.15,0,0,0,0,0,0.001,0,0,0,0,0,0,0,0.004,0,0.0006112,0,0.3056,0.3056,0.002,0,0,NA,NA,0,0,0,NA,NA,0,0,0,NA,NA,0,0,0,NA,NA,0
6.805767005197e-09,0,1.70144175129925e-06,1.20168759654735e-06,0.004,14.001,0,10.74,0,9.667,0,16.326,0,0.001,0,0,0,0,0,0,0,0.011,0,2.21879909842152e-06,0,7.65103137386731e-05,8.53333333333333e-06,0.029,3.43168789437645e-06,0,6.59939979687778e-05,1.06666666666667e-05,0.052,4.74157501682401e-06,0,7.40871096378751e-05,1.70666578877468e-05,0.064,7.27599364446634e-06,0,0.000102478783724878,2.13333333333333e-05,0.071,8.07075598053347e-06,0,0.000112093833062965,2.34666666666667e-05,0.072
0.000621930449685012,0,0.0565391317895465,0.0275635097719928,0.011,2.026,0,2.025,0,0.192,0,0.212,0,0,0,0.015,0,0,0,0,0,0.008,0,0.0002852,0,0.0407428571428571,0.016,0.007,0.00033944,0,0.0377155555555556,0.01552,0.009,0.00036912,0,0.0410133333333333,0.016,0.009,0.000408,0,0.0408,0.01796,0.01,0.000510057221513701,0,0.0463688383194274,0.02208,0.011
0,0,NA,NA,0,0.5,0,0.5,0,0,0,0,0,0,0,0,0,0,0,0,0,0.009,0,0,0,NA,NA,0,0,0,NA,NA,0,0,0,NA,NA,0,2.29933243660671e-05,0,0.0114966621830336,0.0114966621830336,0.002,2.32333333333333e-05,0,0.0116166666666667,0.0116166666666667,0.002
0,0,NA,NA,0,1.066,0,1.066,0,0,0,0,0,0,0,0,0,0,0,0,0,0.01,0,0.000114321319412727,0,0.0381071064709091,0.0291612013431765,0.003,0.00013601020258155,0,0.02720204051631,0.0217666666666667,0.005,0.000142910832238208,0,0.0238184720397013,0.0174,0.006,0.0001437,0,0.02395,0.0174833333333333,0.006,0.0001445,0,0.0240833333333333,0.0175666666666667,0.006
0,0,NA,NA,0,0.439,0,0.439,0,0,0,0,0,0,0,0,0,0,0,0,0,0.006,0,3.7569190948237e-05,0,0.037569190948237,0.037569190948237,0.001,3.77333333333333e-05,0,0.0377333333333333,0.0377333333333333,0.001,3.79e-05,0,0.0379,0.0379,0.001,3.80666666666667e-05,0,0.0380666666666667,0.0380666666666667,0.001,3.82333333333333e-05,0,0.0382333333333333,0.0382333333333333,0.001
0,0,NA,NA,0,0.715,0,0.715,0,0,0,0,0,0,0,0,0,0,0,0,0,0.008,0,6.04139654760784e-05,0,0.0302069827380392,0.0302069827380392,0.002,6.08e-05,0,0.0304,0.0304,0.002,6.12e-05,0,0.0306,0.0306,0.002,6.16e-05,0,0.0308,0.0308,0.002,6.2e-05,0,0.031,0.031,0.002
0,0,NA,NA,0,0.398,0,0.398,0,0,0,0,0,0,0,0,0,0,0,0,0,0.004,0,3.33333333333333e-08,0,3.33333333333333e-05,3.33333333333333e-05,0.001,3.33333333333333e-08,0,3.33333333333333e-05,3.33333333333333e-05,0.001,3.33333333333333e-08,0,3.33333333333333e-05,3.33333333333333e-05,0.001,1.39358412896532e-05,0,0.00696792064482661,0.00696792064482661,0.002,1.43e-05,0,0.00715,0.00715,0.002
0,0,NA,NA,0,0.289,0,0.289,0,0,0,0,0,0,0,0,0,0,0,0,0,0.003,0,1.1452655720018e-05,0,0.011452655720018,0.011452655720018,0.001,1.15e-05,0,0.0115,0.0115,0.001,1.15333333333333e-05,0,0.0115333333333333,0.0115333333333333,0.001,2.1422123720474e-05,0,0.010711061860237,0.010711061860237,0.002,2.15666666666667e-05,0,0.0107833333333333,0.0107833333333333,0.002
0,0,NA,NA,0,0.655,0,0.655,0,0,0,0,0,0,0,0,0,0,0,0,0,0.007,0,7.46245390915258e-06,0,0.00373122695457629,0.00373122695457629,0.002,7.56666666666667e-06,0,0.00378333333333333,0.00378333333333333,0.002,1.04578276067963e-05,0,0.00348594253559876,0.00296666666666667,0.003,2.3827160466579e-05,0,0.00595679011664475,0.00388333333333333,0.004,2.40333333333333e-05,0,0.00600833333333333,0.00393333333333333,0.004
0,0,NA,NA,0,1.331,0,1.331,0,0,0,0,0,0.001,0,0,0,0,0,0,0,0.011,0,4.68211770544996e-05,0,0.0234105885272498,0.0234105885272498,0.002,4.92514093914016e-05,0,0.0164171364638005,0.0117333333333333,0.003,6.9006978590687e-05,0,0.0138013957181374,0.0118,0.005,6.97666666666667e-05,0,0.0139533333333333,0.0118666666666667,0.005,7.05333333333333e-05,0,0.0141066666666667,0.0119333333333333,0.005
0,0,NA,NA,0,0.943,0,0.943,0,0,0,0,0,0,0,0,0,0,0,0,0,0.011,0,2.05909960731802e-05,0,0.0102954980365901,0.0102954980365901,0.002,2.06666666666667e-05,0,0.0103333333333333,0.0103333333333333,0.002,2.07666666666667e-05,0,0.0103833333333333,0.0103833333333333,0.002,2.08666666666667e-05,0,0.0104333333333333,0.0104333333333333,0.002,2.09666666666667e-05,0,0.0104833333333333,0.0104833333333333,0.002
3.04333467733689e-07,0,0.000152166733866845,0.000152166733866845,0.002,8.329,0,6.728,0,1.797,0,2.246,0,0.002,0,0,0,0,0,0,0,0.005,0,6.9e-06,0,0.000345,6.66666666666667e-05,0.02,1.88333333333333e-05,0,0.000570707070707071,1e-04,0.033,2.01e-05,0,0.000478571428571429,1e-04,0.042,2.50666666666667e-05,0,0.000410928961748634,6.66666666666667e-05,0.061,3.03666666666667e-05,0,0.000453233830845771,1e-04,0.067
1.42479493045904e-08,0,1.42479493045904e-05,1.42479493045904e-05,0.001,7.605,0,6.293,0,1.767,0,2.263,0,0,0,0,0,0,0,0,0,0.006,0,3.01705288222555e-05,0,0.00143669184867883,0.000133333333333333,0.021,4.81465386749791e-05,0,0.00130125780202646,1e-04,0.037,5.45799164485941e-05,0,0.00121288703219098,1e-04,0.045,8.45e-05,0,0.00159433962264151,0.000133333333333333,0.053,8.09807222772325e-05,0,0.00142071442591636,0.000133333333333333,0.057
2.69502536394673e-07,0,0.000269502536394673,0.000269502536394673,0.001,6.373,0,5.139,0,1.194,0,1.667,0,0.001,0,0,0,0,0,0,0,0.006,0,7.24652862714544e-05,0,0.00402584923730302,1e-04,0.018,6.49703155935768e-05,0,0.00240630798494729,1e-04,0.027,5.17124101324274e-05,0,0.00143645583701187,1e-04,0.036,4.93333333333333e-05,0,0.00117460317460317,0.000116666666666667,0.042,4.54666666666667e-05,0,0.000841975308641975,1e-04,0.054
8.88297986753761e-09,0,8.88297986753761e-06,8.88297986753761e-06,0.001,7.659,0,6.14,0,1.717,0,2.219,0,0,0,0,0,0,0,0,0,0.007,0,8.67497086476891e-06,0,0.000510292403809936,1e-04,0.017,1.34086249402465e-05,0,0.000432536288395048,6.66666666666667e-05,0.031,1.94420092747642e-05,0,0.000413659771803494,6.66666666666667e-05,0.047,4.01753939108632e-05,0,0.000730461707470241,1e-04,0.055,4.73421121836602e-05,0,0.000763582454575165,1e-04,0.062
8.06074392761198e-08,0,2.015185981903e-05,2.23733765737687e-05,0.004,9.478,0,7.166,0,2.072,0,2.668,0,0.001,0,0,0,0,0,0,0,0.015,0,3.14778375025179e-05,0,0.001430810795569,0.000133333333333333,0.022,6.36897110403311e-05,0,0.00148115607070538,0.000133333333333333,0.043,6.33798998039184e-05,0,0.0011523618146167,1e-04,0.055,8.99799497363486e-05,0,0.00136333257176286,1e-04,0.066,8.33466665264622e-05,0,0.00120792270328206,0.000133333333333333,0.069
1.21435443541162e-08,0,1.21435443541163e-05,1.21435443541163e-05,0.001,7.795,0,5.946,0,1.818,0,2.205,0,0,0,0,0,0,0,0,0,0.005,0,5.28624971126718e-05,0,0.00195787026343229,1e-04,0.027,5.31446690383934e-05,0,0.00147624080662204,1e-04,0.036,5.95448261882098e-05,0,0.00129445274322195,0.000183333333333333,0.046,9.69116521833016e-05,0,0.00190022847418238,0.000166666666666667,0.051,0.000103278480387205,0,0.0017806634549518,0.000166666666666667,0.058
1.50265638920294e-07,0,5.00885463067646e-05,3.39541348013388e-05,0.003,7.628,0,6.425,0,1.726,0,2.252,0,0.003,0,0,0,0,0,0,0,0.006,0,2.37477515798803e-05,0,0.00139692656352237,1e-04,0.017,2.88811530480732e-05,0,0.000902536032752287,0.000133333333333333,0.032,3.77478881715775e-05,0,0.00082060626459951,0.000116666666666667,0.046,4.06479569519147e-05,0,0.000797018763763034,0.000166666666666667,0.051,4.68480260572803e-05,0,0.000768000427168529,0.000133333333333333,0.061
1.69507566633352e-07,0,0.000169507566633352,0.000169507566633352,0.001,6.87,0,5.429,0,0.76,0,1.199,0,0.001,0,0,0,0,0,0,0,0.008,0,4.73333333333333e-06,0,0.000315555555555556,6.66666666666667e-05,0.015,9.4e-06,0,0.000361538461538462,0.00015,0.026,1.70666666666667e-05,0,0.000426666666666667,8.33333333333333e-05,0.04,3.57e-05,0,0.000728571428571429,1e-04,0.049,4.55333333333333e-05,0,0.000813095238095238,1e-04,0.056
8.95380893487319e-09,0,8.95380893487319e-06,8.95380893487319e-06,0.001,7.673,0,6.091,0,1.649,0,2.25,0,0,0,0,0,0,0,0,0,0.008,0,6.43781276090473e-06,0,0.000321890638045236,6.66666666666667e-05,0.02,6.65086557240805e-05,0,0.00201541380982062,1e-04,0.033,0.000117275381203055,0,0.00266534957279671,0.000133333333333333,0.044,0.000122242107081637,0,0.00239690406042426,0.000166666666666667,0.051,0.000117842166695874,0,0.00199732485925211,0.000166666666666667,0.059
0.00146381467481055,0,0.182976834351319,0.190403843330617,0.008,1.913,0,1.913,0,0,0,0,0,0,0,0.008,0,0,0,0,0,0.009,0,0.00081453515809344,0,0.11636216544192,0.048135913166588,0.007,0.000855749567406009,0,0.122249938200858,0.0563158722667925,0.007,0.001147711184521,0,0.143463898065125,0.149284253578732,0.008,0.00122479156834985,0,0.153098946043731,0.159037281736668,0.008,0.00130879345603272,0,0.16359918200409,0.169891458235017,0.008
0.000894895326896131,0,0.178979065379226,0.130374835660436,0.005,0.968,0,0.968,0,0,0,0,0,0,0,0.005,0,0,0,0,0,0.005,0,0.000570068684912413,0,0.142517171228103,0.0921760759783083,0.004,0.000597137014314928,0,0.149284253578732,0.0969010539562687,0.004,0.000752241623407268,0,0.150448324681454,0.105710240679566,0.005,0.000789051439358188,0,0.157810287871638,0.112002516910492,0.005,0.00082743432436684,0,0.165486864873368,0.118609406952965,0.005
0.00425592653688855,0,0.607989505269792,0.323367772896692,0.007,1.639,0,1.639,0,0,0,0,0,0,0,0.007,0,0,0,0,0,0.007,0,0.00255994652630376,0,0.365706646614822,0.151014629542237,0.007,0.00276042158250747,0,0.39434594035821,0.207959729432122,0.007,0.00299103350637093,0,0.427290500910133,0.257668711656442,0.007,0.00326034292905459,0,0.465763275579227,0.274343243668397,0.007,0.00357999056158565,0,0.511427223083665,0.291961617114991,0.007
0.00348804387894025,0,0.317094898085477,0.127853053381972,0.011,2.395,0,2.395,0,0,0,0,0,0,0,0.011,0,0,0,0,0,0.011,0,0.0011823187037911,0,0.131368744865677,0.067327355670914,0.009,0.00185464690920126,0,0.185464690920126,0.0860468774579204,0.01,0.00249803366367784,0,0.227093969425258,0.105710240679566,0.011,0.00273084788422212,0,0.248258898565647,0.109800220229668,0.011,0.00299197734780557,0,0.271997940709597,0.114204813591317,0.011
0.00270885401005851,0,0.112868917085771,0.0031725019270839,0.024,4.117,0,4.044,0,0.294,0,0.431,0,0,0,0.034,0,0,0,0,0,0.01,0,0.00104892244769545,0,0.0806863421304195,0.0220229668082429,0.013,0.00127997058062305,0,0.0752923870954735,0.00566304860783388,0.017,0.00142029616475615,0,0.0835468332209498,0.00503382098474123,0.017,0.00177267196132736,0,0.088633598066368,0.00566304860783388,0.02,0.00206778858004847,0,0.0939903900022033,0.00377536573855592,0.022
0.0114064888977974,0,0.495934299904237,0.00347350117650445,0.023,4.117,0,4.023,0,0.323,0,0.46,0,0,0,0.035,0,0,0,0,0,0.008,0,0.00205851816894762,0,0.137234544596508,0.00408997955010225,0.015,0.00262356457448482,0,0.163972785905301,0.00298883120969011,0.016,0.00413843007708038,0,0.21781210932002,0.00377536573855592,0.019,0.00511750825861255,0,0.269342539926976,0.00377536573855592,0.019,0.00655781028787164,0,0.327890514393582,0.00267421739814378,0.02
0.00120692833299546,0,0.0670515740553032,0.0011136102271338,0.018,2.819,0,2.786,0,0.284,0,0.376,0,0,0,0.029,0,0,0,0,0,0.004,0,0.000569765612710398,0,0.0633072903011553,0.00251691049237062,0.009,0.000748466257668712,0,0.068042387060792,0.00283152430391694,0.011,0.000819568979078181,0,0.0745062708252892,0.00251691049237062,0.011,0.000911750825861255,0,0.0701346789124043,0.000629227623092654,0.013,0.00101305647317917,0,0.0633160295736983,0.000786534528865817,0.016
0.00174549649993355,0,0.124678321423825,0.0127820412922731,0.014,2.881,0,2.88,0,0.271,0,0.367,0,0,0,0.025,0,0,0,0,0,0.007,0,0.000957369828535473,0,0.0957369828535473,0.0402705678779298,0.01,0.00104986628913009,0,0.104986628913009,0.0366525090451471,0.01,0.00122762309265377,0,0.0944325455887513,0.0138430077080384,0.013,0.00134906402391065,0,0.0963617159936178,0.0103822557810288,0.014,0.00146138115463269,0,0.104384368188049,0.0114834041214409,0.014
0.0969379374415252,0,9.69379374415252,0.26367230149031,0.01,1.817,0,1.817,0,0,0,0,0,0,0,0.01,0,0,0,0,0,0.01,0,0.0088276,0,1.26108571428571,0.2684,0.007,0.0131631046879288,0,1.6453880859911,0.1968,0.008,0.0198332,0,2.47915,0.2096,0.008,0.0302608,0,3.7826,0.2232,0.008,0.047632,0,5.29244444444444,0.3444,0.009
0.00239406409203984,0,0.239406409203984,0.0611597778862208,0.01,1.929,0,1.929,0,0,0,0,0,0,0,0.01,0,0,0,0,0,0.01,0,0.000968464216939537,0,0.138352030991363,0.0248,0.007,0.0010508,0,0.150114285714286,0.0348,0.007,0.0011436,0,0.163371428571429,0.0488,0.007,0.00159558343525745,0,0.177287048361939,0.0632,0.009,0.0018608,0,0.18608,0.054,0.01
0.0044814617645278,0,0.560182720565975,0.277646043092403,0.008,1.635,0,1.635,0,0,0,0,0,0,0,0.008,0,0,0,0,0,0.008,0,0.000688934490234579,0,0.114822415039096,0.1158,0.006,0.0015584,0,0.1948,0.19,0.008,0.0018984,0,0.2373,0.2142,0.008,0.0023524,0,0.29405,0.2312,0.008,0.0029644,0,0.37055,0.2496,0.008
0.00438972984967162,0,0.438972984967162,0.258394303556327,0.01,2.293,0,2.293,0,0,0,0,0,0,0,0.01,0,0,0,0,0,0.01,0,0.0009668,0,0.12085,0.1016,0.008,0.0015576,0,0.173066666666667,0.1196,0.009,0.0018148,0,0.201644444444444,0.1304,0.009,0.0021672,0,0.2408,0.1424,0.009,0.0030192,0,0.30192,0.2334,0.01
0.0047766874450298,0,0.682383920718543,0.572232019096214,0.007,1.33,0,1.33,0,0,0,0,0,0,0,0.007,0,0,0,0,0,0.007,0,0.0016308,0,0.2718,0.2462,0.006,0.0018704,0,0.311733333333333,0.3224,0.006,0.0021664,0,0.361066666666667,0.3614,0.006,0.0025372,0,0.422866666666667,0.4034,0.006,0.0036504,0,0.521485714285714,0.5224,0.007
0.0102147837495027,0,1.27684796868784,0.968420636034894,0.008,2.085,0,2.085,0,0,0,0,0,0,0,0.008,0,0,0,0,0,0.008,0,0.0057832,0,0.7229,0.675,0.008,0.0063616,0,0.7952,0.7176,0.008,0.0070144,0,0.8768,0.7638,0.008,0.0077524,0,0.96905,0.8138,0.008,0.0085892,0,1.07365,0.8684,0.008
0.0559989992136356,0,18.6663330712119,0.351846792579129,0.003,0.805,0,0.805,0,0,0,0,0,0,0,0.003,0,0,0,0,0,0.003,0,0.00968,0,3.22666666666667,0.2336,0.003,0.0131844,0,4.3948,0.2512,0.003,0.0179816,0,5.99386666666667,0.27,0.003,0.0245512,0,8.18373333333333,0.2904,0.003,0.0335492,0,11.1830666666667,0.3124,0.003
0.00337227970266073,0,0.337227970266073,0.254822719352121,0.01,1.984,0,1.984,0,0,0,0,0,0,0,0.01,0,0,0,0,0,0.01,0,0.00231203401580765,0,0.256892668423072,0.182902780771372,0.009,0.0024596,0,0.273288888888889,0.2064,0.009,0.0026188,0,0.290977777777778,0.2332,0.009,0.00279,0,0.31,0.2572,0.009,0.0030316,0,0.30316,0.2208,0.01
0.00221905439240783,0,0.369842398734639,0.199000448098352,0.006,1.49,0,1.49,0,0,0,0,0,0,0,0.006,0,0,0,0,0,0.006,0,0.0014564,0,0.29128,0.144,0.005,0.00164947767583616,0,0.274912945972693,0.1326,0.006,0.0017568,0,0.2928,0.1444,0.006,0.001872,0,0.312,0.1574,0.006,0.001996,0,0.332666666666667,0.1718,0.006
0.00285747841581753,0,0.0348472977538724,0.00681369401989293,0.082,14.673,0,14.488,0,2.265,0,2.662,0,0,0,0.11,0,0,0,0,0,0.008,0,0.00206556407591973,0,0.040501256390583,0.0048,0.051,0.0020348,0,0.0328193548387097,0.0038,0.062,0.00217958954133858,0,0.0315882542222983,0.0048,0.069,0.0023508,0,0.0301384615384615,0.0046,0.078,0.0024124,0,0.0297827160493827,0.006,0.081
0.00444209800720044,0,0.04776449470108,0.00397885736822619,0.093,15.537,0,15.446,0,2.291,0,2.626,0,0,0,0.119,0,0,0,0,0,0.01,0,0.00377745102270143,0,0.0686809276854805,0.0036,0.055,0.0034612,0,0.0509,0.0028,0.068,0.0031912,0,0.0443222222222222,0.0032,0.072,0.00338296752500484,0,0.0402734229167242,0.0032,0.084,0.0034348,0,0.0381644444444444,0.0034,0.09
0.0028937418937754,0,0.0336481615555279,0.00617379382327365,0.086,13.963,0,13.744,0,2.229,0,2.555,0,0,0,0.113,0,0,0,0,0,0.002,0,0.0009256,0,0.0210363636363636,0.0044,0.044,0.00167048951986398,0,0.0315186701861127,0.0052,0.053,0.0019216,0,0.0291151515151515,0.0048,0.066,0.0020492,0,0.0288619718309859,0.0056,0.071,0.0024148,0,0.0284094117647059,0.0056,0.085
0.00396839369228088,0,0.041772565181904,0.0048874245222784,0.095,14.864,0,14.584,0,2.224,0,2.559,0,0,0,0.124,0,0,0,0,0,0.004,0,0.0025152,0,0.050304,0.0038,0.05,0.00266479867706986,0,0.0436852242142599,0.004,0.061,0.0028508,0,0.0395944444444444,0.0042,0.072,0.0030172,0,0.0363518072289157,0.0044,0.083,0.00322720599905545,0,0.0343319787133559,0.0038,0.094
0.00518155401615347,0,0.0523389294560956,0.00546790461282102,0.099,16.754,0,16.667,0,2.446,0,2.878,0,0,0,0.121,0,0,0,0,0,0.01,0,0.0036428,0,0.0617423728813559,0.0048,0.059,0.0037648,0,0.05792,0.0044,0.065,0.003954,0,0.0534324324324324,0.0058,0.074,0.0041364,0,0.0492428571428571,0.0048,0.084,0.0043628,0,0.0454458333333333,0.0052,0.096
0.00616914546950339,0,0.0685460607722598,0.00542669323719452,0.09,15.886,0,15.676,0,2.312,0,2.684,0,0,0,0.114,0,0,0,0,0,0.012,0,0.0021536,0,0.0391563636363636,0.0044,0.055,0.0023992,0,0.0393311475409836,0.0056,0.061,0.0027236,0,0.0378277777777778,0.007,0.072,0.0032332,0,0.040926582278481,0.0048,0.079,0.0040584,0,0.0461181818181818,0.0046,0.088
0.00277851320689422,0,0.0289428459051481,0.00412881461238011,0.096,15.605,0,15.51,0,2.259,0,2.706,0,0,0,0.125,0,0,0,0,0,0.006,0,0.0010068,0,0.0189962264150943,0.0032,0.053,0.0011928,0,0.0186375,0.0036,0.064,0.00146719757189765,0,0.0200985968753103,0.004,0.073,0.0017604,0,0.0209571428571429,0.0032,0.084,0.00208897015449606,0,0.0227061973314789,0.0034,0.092
0.0059335421590889,0,0.067426615444192,0.00662252369437519,0.088,15.035,0,14.63,0,2.207,0,2.561,0,0,0,0.127,0,0,0,0,0,0.008,0,0.0021692,0,0.0451916666666667,0.0046,0.048,0.0023536,0,0.0373587301587302,0.0044,0.063,0.0027572,0,0.0393885714285714,0.0044,0.07,0.0030652,0,0.0414216216216216,0.0058,0.074,0.0035192,0,0.0414023529411765,0.0056,0.085
0.00293300711630637,0,0.0315377109280255,0.00509468535906724,0.093,15.336,0,15.214,0,2.302,0,2.635,0,0,0,0.118,0,0,0,0,0,0.006,0,0.00180690316770419,0,0.0322661279947177,0.003,0.056,0.001772,0,0.0281269841269841,0.004,0.063,0.001856,0,0.0244210526315789,0.0032,0.076,0.0018844,0,0.0229804878048781,0.0038,0.082,0.0021632,0,0.0240355555555556,0.004,0.09
0.000230348624508139,0,0.00535694475600323,0.000105351509945796,0.043,5.468,0,5.387,0,2.835,0,1.337,0,0,0,0.879,0,0,0,0,0,0.007,0,0.00016936,0,0.00996235294117647,0.00016,0.017,0.000172319993079152,0,0.00783272695814329,8e-05,0.022,0.00016648,0,0.00792761904761905,8e-05,0.021,0.000166719928205569,0,0.00617481215576183,8e-05,0.027,0.000169906019579015,0,0.00424765048947538,8e-05,0.04
0,0,NA,NA,0,5.055,0,4.742,0,1.095,0,1.139,0,0,0,0,0,0,0,0,0,0.017,0,3.94005124044757e-05,0,0.00985012810111892,0.004425,0.004,3.14242326843585e-05,0,0.00349158140937316,1e-04,0.009,3.11232452966803e-05,0,0.00207488301977869,1e-04,0.015,3.75748365917442e-05,0,0.00156561819132267,5e-05,0.024,3.365e-05,0,0.00112166666666667,1e-04,0.03
0,0,NA,NA,0,5.448,0,4.998,0,1.385,0,1.36,0,0.002,0,0,0,0,0,0,0,0.006,0,9.76e-06,0,0.00244,0.00208,0.004,0.000153761648708954,0,0.0170846276343282,0.00288,0.009,0.00050192,0,0.03137,0.00056,0.016,0.000504479980716415,0,0.0210199991965173,0.00016,0.024,0.00047888,0,0.0159626666666667,0.00032,0.03
5.87406850831635e-09,0,1.46851712707909e-06,1.73624680555231e-06,0.004,10.229,0,8.858,0,7.621,0,6.435,0,0.001,0,0,0,0,0,0,0,0.006,0,6.57553475693388e-06,0,0.00054796122974449,4.9079754601227e-06,0.012,5.90851154802159e-06,0,0.000246187981167566,1.22699386503067e-05,0.024,6.25701839026713e-06,0,0.00016465837869124,9.8159509202454e-06,0.038,6.44979463608067e-06,0,0.000126466561491778,1.47239263803681e-05,0.051,7.45194324346265e-06,0,0.000124199054057711,9.8159509202454e-06,0.06
1.43678228925952e-06,0,0.00143678228925952,0.00143678228925952,0.001,21.264,0,17.385,0,9.68,0,9.808,0,0.005,0,0,0,0,0,0,0,0.01,0,1.05828571428571e-05,0,0.000587936507936508,8e-05,0.018,5.46099240978259e-05,0,0.000709219793478259,0.000114285714285714,0.077,0.000139908568428141,0,0.00127189607661946,0.00016,0.11,0.000269017838780998,0,0.00186817943597915,0.000251428571428571,0.144,0.000497782400351381,0,0.00284447085915075,0.000251428571428571,0.175
2.37389264670198e-05,0,0.0039564877445033,4.42543774009609e-05,0.006,33.915,0,26.524,0,15.322,0,13.7,0,0.006,0,0,0,0,0,0,0,0.004,0,2.74979306597643e-05,0,0.000561182258362537,6.62068965517241e-05,0.049,0.000151724126126267,0,0.00110747537318443,0.000110344827586207,0.137,0.000252347543165242,0,0.00132119132547247,0.000132413793103448,0.191,0.000439326188927129,0,0.00186947314437076,0.000110344827586207,0.235,0.000756457799607683,0,0.0028438263143146,0.000148965517241379,0.266
0.0017152237040255,0,0.0259882379397803,0.000437217575096229,0.066,11.502,0,11.495,0,0.86,0,1.611,0,0,0,0.081,0,0,0,0,0,0.008,0,0.000656266666666667,0,0.0156253968253968,0.000533333333333333,0.042,0.000823066622688388,0,0.0178927526671389,0.000533333333333333,0.046,0.000987866666666667,0,0.0189974358974359,0.000533333333333333,0.052,0.00114719997610508,0,0.0208581813837288,0.000533333333333333,0.055,0.00129279995433788,0,0.0205206341958394,4e-04,0.063
0.00134089444107894,0,0.0197190358982198,0.000445571486266596,0.068,11.825,0,11.716,0,0.857,0,1.664,0,0,0,0.091,0,0,0,0,0,0.009,0,0.0009948,0,0.0231348837209302,0.000666666666666667,0.043,0.00102973332052951,0,0.0219092195857342,0.000533333333333333,0.047,0.00108359969335769,0,0.0190105209360999,4e-04,0.057,0.00112373331212075,0,0.01842185757575,4e-04,0.061,0.00116119958784545,0,0.017076464527139,0.000333333333333333,0.068
0.00204666613303439,0,0.255833266629298,0.036275484292597,0.008,1.797,0,1.796,0,0.065,0,0.083,0,0,0,0.011,0,0,0,0,0,0.005,0,0.0007474,0,0.106771428571429,0.0018,0.007,0.0008788,0,0.125542857142857,0.001,0.007,0.0010556,0,0.13195,0.0114,0.008,0.0012594,0,0.157425,0.0155,0.008,0.001501,0,0.187625,0.0214,0.008
0.0757387313139981,0.013147160547684,0.0784857319316043,0.014128011743608,0.965,270.223,296,267.786,296,128.808,120,143.288,131.5,0,0,1.11,1,0,0,6.723,5,0.005,0,0.0436312799848048,0.0099,0.0464162553029838,0.0119455502398411,0.94,0.0476360029395121,0.0109666666666667,0.0499329171273712,0.0121666666666667,0.954,0.052408077585197,0.0114666666666667,0.0547057177298508,0.012698957761132,0.958,0.0566206572840746,0.0110333333333333,0.0586742562529271,0.0121333333333333,0.965,0.0598912453592098,0.0113408533014452,0.0619992187983539,0.0121333333333333,0.966
0.0296862169769434,0.000455805099189358,0.0425914160357868,0.00203101293622023,0.697,187.022,247,176.267,224,121.157,107,130.437,111,0,0,2.837,1,0,0,0,0,0.005,0,0.0149147377563856,0.000266666666666667,0.0227012751238745,0.00166666666666667,0.657,0.016780024382028,0.000266666666666667,0.0246765064441588,0.00153333333333333,0.68,0.0178420404333453,0.000266666666666667,0.026590224192765,0.00173333333333333,0.671,0.0205249789262083,0.000266666666666667,0.0298762429784691,0.00166666666666667,0.687,0.0226677621261019,0.000333333333333333,0.0325218968810645,0.00166666666666667,0.697
0,0,NA,NA,0,12.032,2,2.283,2,14.823,7.5,12.505,5,0.021,0,0,0,0,0,0,0,0.007,0,0.170082352941176,0,1.73553421368547,0.0338235294117647,0.098,0.16584704977531,0,1.30588228169535,0.0294117647058824,0.127,0.0564205413200688,0,0.437368537364874,0.0294117647058824,0.129,0.122777537884759,0,0.896186407917946,0.0352747575489665,0.137,0.692558768713455,0,5.20720878731921,0.0441176470588235,0.133
0,0,NA,NA,0,11.859,3,2.337,2,14.682,7,12.129,5,0.024,0,0,0,0,0,0,0,0.008,0,0.177726419153542,0,1.81353488932186,0.0205882352941176,0.098,0.146020341571648,0,1.44574595615493,0.0176470588235294,0.101,0.0722764705882353,0,0.560282717738258,0.0235294117647059,0.129,0.795307779844899,0,5.97975774319473,0.0382352941176471,0.133,0.101847501587696,0,0.717235926673918,0.0455882352941177,0.142
0,0,NA,NA,0,1.611,0,0.434,0,6.376,0,5.441,0,0,0,0,0,0,0,0,0,0.007,0,0.0034317397075117,0,0.381304411945744,0.00294117647058824,0.009,0.000302941176470588,0,0.0201960784313725,0.00588235294117647,0.015,0.000558823435826828,0,0.0294117597803594,0.00588235294117647,0.019,0.000470153187973099,0,0.0247449046301631,0.00882352941176471,0.019,0.000391176470588235,0,0.0170076726342711,0.00882352941176471,0.023
0,0,NA,NA,0,0.498,0,0.265,0,1.102,0,1.079,0,0.001,0,0,0,0,0,0,0,0.006,0,2.17240602876827e-05,0,0.00724135342922757,0.00588235294117647,0.003,0.000197058823529412,0,0.0394117647058824,0.00588235294117647,0.005,1.47058823529412e-05,0,0.00367647058823529,0.00294117647058824,0.004,8.82328384159208e-06,0,0.00294109461386403,0.00294115033699432,0.003,0.000264705882352941,0,0.0529411764705882,0.00882352941176471,0.005
0,0,NA,NA,0,0.549,0,0.251,0,1.154,0,1.083,0,0.001,0,0,0,0,0,0,0,0.01,0,7.45330496037674e-06,0,0.00186332624009418,0.00196320715924351,0.004,2.05882352941176e-05,0,0.00514705882352941,0.00441176470588235,0.004,8.82352941176471e-06,0,0.00882352941176471,0.00882352941176471,0.001,2.94115251087686e-05,0,0.00367644063859608,0.00294117647058824,0.008,1.17647058823529e-05,0,0.00392156862745098,0.00294117647058824,0.003
0,0,NA,NA,0,0.426,0,0.231,0,1.08,0,1.028,0,0,0,0,0,0,0,0,0,0.007,0,2.05882352941176e-05,0,0.0102941176470588,0.0102941176470588,0.002,1.17647036024932e-05,0,0.0029411759006233,0.00294117647058824,0.004,8.82352941176471e-06,0,0.00882352941176471,0.00882352941176471,0.001,2.35294042886768e-05,0,0.00392156738144614,0.00294117647058824,0.006,4.41173744032306e-05,0,0.00490193048924785,0.00294117647058824,0.009
0,0,NA,NA,0,0.597,0,0.274,0,1.257,0,1.155,0,0,0,0,0,0,0,0,0,0.005,0,3.10368527374568e-05,0,0.00620737054749136,0.00264157022890004,0.005,0.000689958662559635,0,0.0862448328199543,0.00294117647058824,0.008,0.000111764057052878,0,0.0279410142632194,0.00882352941176471,0.004,0.000105882352941176,0,0.0151260504201681,0.00294117647058824,0.007,4.69440149863901e-05,0,0.00670628785519859,0.00588235294117647,0.007
0,0,NA,NA,0,0.609,0,0.312,0,1.075,0,1.094,0,0.001,0,0,0,0,0,0,0,0.014,0,5.88235294117647e-06,0,0.00588235294117647,0.00588235294117647,0.001,8.82075014675513e-06,0,0.00441037507337757,0.00441037507337757,0.002,1.47058823529412e-05,0,0.00294117647058824,0.00294117647058824,0.005,6.7647011993542e-05,0,0.00845587649919275,0.00294117647058824,0.008,5.88235124655255e-05,0,0.00653594582950283,0.00294117647058824,0.009
0,0,NA,NA,0,0.605,0,0.288,0,1.258,0,1.024,0,0.002,0,0,0,0,0,0,0,0.013,0,5.88235294117647e-06,0,0.00588235294117647,0.00588235294117647,0.001,2.89303526629793e-05,0,0.00413290752328276,0.00294117647058824,0.007,7.05882352941176e-05,0,0.0141176470588235,0.00588235294117647,0.005,2.9358315822842e-05,0,0.00489305263714034,0.00294117647058824,0.006,6.47047932221356e-05,0,0.00647047932221356,0.00294117647058824,0.01
0,0,NA,NA,0,0.649,0,0.29,0,1.219,0,1.075,0,0,0,0,0,0,0,0,0,0.006,0,4.10995686660302e-05,0,0.0102748921665075,0.00882352941176471,0.004,2.05882352941176e-05,0,0.0102941176470588,0.0102941176470588,0.002,3.52941176470588e-05,0,0.00504201680672269,0.00294117647058824,0.007,2.102914284059e-05,0,0.00350485714009834,0.00294117647058824,0.006,5.88226101165349e-06,0,0.00294113050582674,0.00294113050582674,0.002
0,0,NA,NA,0,0.153,0,0.044,0,0.159,0,0.143,0,0,0,0,0,0,0,0,0,0.007,0,2.94117647058824e-06,0,0.00294117647058824,0.00294117647058824,0.001,0,0,NA,NA,0,5.58823529411765e-05,0,0.0558823529411765,0.0558823529411765,0.001,0,0,NA,NA,0,0.000135294117647059,0,0.135294117647059,0.135294117647059,0.001
0,0,NA,NA,0,0.854,0,0.362,0,1.225,0,0.452,0,0,0,0,0,0,0,0,0,0.009,0,4.445736713744e-06,0,0.002222868356872,0.002222868356872,0.002,0.000158823529411765,0,0.0397058823529412,0.0220588235294118,0.004,0.000217647024529071,0,0.0241830027254524,0.00588235294117647,0.009,0.000385293677421396,0,0.0275209769586711,0.00735294117647059,0.014,0.000314705882352941,0,0.0242081447963801,0.0205882352941176,0.013
0,0,NA,NA,0,0.869,0,0.399,0,1.225,0,0.457,0,0.002,0,0,0,0,0,0,0,0.006,0,0,0,NA,NA,0,5.58702604430437e-05,0,0.0139675651107609,0.0161764705882353,0.004,4.41176470588235e-05,0,0.0220588235294118,0.0220588235294118,0.002,0.000155877645867634,0,0.0129898038223028,0.00294117647058824,0.012,0.00109666455348797,0,0.078333182391998,0.00588235294117647,0.014
0,0,NA,NA,0,0.126,0,0.126,0,0,0,0,0,0,0,0,0,0,0,0,0,0.01,0,0.00953650871720853,0,9.53650871720853,9.53650871720853,0.001,0,0,NA,NA,0,0,0,NA,NA,0,0.0017437363448812,0,1.7437363448812,1.7437363448812,0.001,0,0,NA,NA,0
0.0240658774143732,0,0.0881533971222461,0.007616225177232,0.273,51.15,0,50.449,0,6.58,0,6.585,0,0,0,0.327,0,0,0,0,0,0.01,0,0.00700015787132052,0,0.0370378723350292,0.00502317838024025,0.189,0.00752113322904258,0,0.0374185732788188,0.00502317838024025,0.201,0.0090639665886878,0,0.0417694312842756,0.00502317838024025,0.217,0.0113746286435983,0,0.0477925573260434,0.0053819768359717,0.238,0.0155854873200626,0,0.0604088655816379,0.00645837220316604,0.258
0.000218669376275537,0,0.0312384823250767,0.0193856229740411,0.007,1.525,0,1.525,0,0,0,0,0,0,0,0.007,0,0,0,0,0,0.007,0,0.0001265,0,0.0210833333333333,0.012375,0.006,0.000133333333333333,0,0.0222222222222222,0.013125,0.006,0.000140583333333333,0,0.0234305555555556,0.014,0.006,0.00014825,0,0.0247083333333333,0.0149166666666667,0.006,0.00019,0,0.0271428571428571,0.018,0.007
0.00181617485563334,0,0.00662837538552314,0.000118466876844888,0.274,54.631,5,49.016,2,38.905,30,44.563,37,0,0,8.947,4,0,0,0,0,0.002,0,0.00047443453797534,0,0.00242058437742521,1e-04,0.196,0.000611284560336352,0,0.00262353888556374,1e-04,0.233,0.000805757038890225,0,0.00330228294627141,1e-04,0.244,0.00101761592818022,0,0.0040542467258176,1e-04,0.251,0.00109608829677716,0,0.00416763610941887,1e-04,0.263
0.141901722654856,0,0.870562715673962,0.00759613161778165,0.163,24.231,0,23.716,0,3.792,1,3.821,1,0,0,0.235,0,0,0,0,0,0.008,0,0.0380810361666866,0,0.432739047348711,0.00666666666666667,0.088,0.0437211375542451,0,0.43288255004203,0.00666666666666667,0.101,0.0532054526334498,0,0.436110267487294,0.00666666666666667,0.122,0.0683510938804947,0,0.498913094018209,0.00666666666666667,0.137,0.0975928357363278,0,0.621610418702725,0.00666666666666667,0.157
0.730847405391205,0,2.48587552854151,0.0684017216910593,0.294,54.565,0,54.055,0,6.756,0,2.751,0,0,0,1.2,0,0,0,0,0,0.004,0,0.101375577131031,0,0.499387079463205,0.040198496865312,0.203,0.133299345528588,0,0.640862238118211,0.046990045820254,0.208,0.198452464822845,0,0.882010954768199,0.047101352600814,0.225,0.299192508999223,0,1.18727186110803,0.0535616580072382,0.252,0.453238475351459,0,1.59591012447697,0.0603125767387574,0.284
0.00927606791388002,0,0.210819725315455,0.000940158965519858,0.044,5.562,0,5.34,0,2.356,0,2.563,0,0,0,0.164,0,0,0,0,0,0.009,0,0.00318629411185581,0,0.15931470559279,0.000571428571428571,0.02,0.00552457142459035,0,0.276228571229517,0.000857142857142857,0.02,0.00599714283347616,0,0.214183672624148,0.000571428571428571,0.028,0.00695776326461008,0,0.193271201794724,0.000857142857142857,0.036,0.00730857140138521,0,0.174013604794886,0.000571428571428571,0.042
0.00080914422451272,0,0.161828844902544,0.109743629426969,0.005,0.816,0,0.816,0,0,0,0,0,0,0,0.005,0,0,0,0,0,0.005,0,0.0003952,0,0.131733333333333,0.1632,0.003,0.0004288,0,0.142933333333333,0.1824,0.003,0.000548951641136228,0,0.137237910284057,0.136875820568114,0.004,0.000596,0,0.149,0.144,0.004,0.000648,0,0.162,0.1516,0.004
0.0237873882647287,0,3.96456471078812,0.538654634329663,0.006,1.311,0,1.311,0,0,0,0,0,0,0,0.006,0,0,0,0,0,0.006,0,0.0047824,0,0.95648,0.4272,0.005,0.0062584,0,1.25168,0.4856,0.005,0.0082472,0,1.64944,0.552,0.005,0.010936,0,2.1872,0.6272,0.005,0.0147688,0,2.46146666666667,0.4496,0.006
0.00561196194655978,0,0.207850442465177,0.00213580104469591,0.027,4.089,0,4.083,0,0.199,0,0.386,0,0,0,0.149,0,0,0,0,0,0.006,0,0.00354112661087598,0,0.236075107391732,0.007,0.015,0.00381714999161065,0,0.238571874475666,0.013,0.016,0.00409667768997403,0,0.227593204998557,0.01025,0.018,0.00437871050328571,0,0.190378717534161,0.0015,0.023,0.00496274937610317,0,0.183805532448266,0.002,0.027
0.245638249157574,0,8.47028445370944,0.263123273712016,0.029,4.607,0,4.604,0,0.276,0,0.424,0,0,0,0.101,0,0,0,0,0,0.006,0,0.15872,0,10.5813333333333,0.48,0.015,0.1712,0,9.01052631578947,0.72,0.019,0.18444,0,8.78285714285714,0.44,0.021,0.201369659841418,0,8.39040249339242,0.5,0.024,0.216971629848731,0,7.74898678031181,0.26,0.028
3.41951967965077,0,13.0516018307281,1.05769871069447,0.262,44.911,0,44.434,0,10.386,6,10.83,6,0,0,0.305,0,0,0,0,0,0.006,0,0.820599995684218,0,4.97333330717708,0.6,0.165,1.0334,0,5.46772486772487,0.6,0.189,1.25919999957727,0,5.77614678705169,0.6,0.218,1.6376,0,7.21409691629956,0.8,0.227,2.212,0,8.70866141732284,0.8,0.254
0.397726756562407,0,1.48405506180003,0.0944945414104849,0.268,51.242,0,51.025,0,6.636,0,6.641,0,0,0,0.31,0,0,0,0,0,0.012,0,0.103352,0,0.538291666666667,0.048,0.192,0.11956,0,0.583219512195122,0.056,0.205,0.142223999130798,0,0.629309730667248,0.056,0.226,0.20676,0,0.857925311203319,0.064,0.241,0.256180051991044,0,0.974068638749217,0.08,0.263
2.57569784226753,0.0213280121053723,4.41044151073207,0.324137061707848,0.584,129.502,106,128.622,105,15.715,11,15.62,11,0,0,0.911,1,0,0,0,0,0.007,0,0.631116042426111,0,1.31757002594178,0.17,0.479,0.864319665481065,0.01,1.7081416313855,0.2,0.506,1.16940760233791,0.01,2.20227420402619,0.24,0.531,1.43477151039313,0.01,2.56209198284487,0.245,0.56,1.78413112466658,0.01,3.08673204959616,0.27,0.578
0.0134872861442806,0,1.68591076803508,0.434777171151406,0.008,1.426,0,1.425,0,0.078,0,0.076,0,0,0,0.012,0,0,0,0,0,0.007,0,0.00223888888888889,0,0.31984126984127,0.157777777777778,0.007,0.00294,0,0.49,0.256666666666667,0.006,0.00392111111111111,0,0.653518518518518,0.306666666666667,0.006,0.00532444444444444,0,0.887407407407407,0.351666666666667,0.006,0.00817222222222222,0,1.16746031746032,0.414444444444444,0.007
0.0257267499146183,0,3.21584373932729,1.114096767556,0.008,1.823,0,1.823,0,0,0,0,0,0,0,0.008,0,0,0,0,0,0.008,0,0.00432978076817958,0,0.541222596022448,0.232090384089792,0.008,0.0056048,0,0.7006,0.32,0.008,0.0074688,0,0.9336,0.45,0.008,0.010216,0,1.277,0.636,0.008,0.014292,0,1.7865,0.9028,0.008
0.00105291554070712,0,0.210583108141423,0.0909071538270458,0.005,0.989,0,0.989,0,0,0,0,0,0,0,0.005,0,0,0,0,0,0.005,0,0.000619333333333333,0,0.154833333333333,0.1045,0.004,0.000667888888888889,0,0.166972222222222,0.115444444444444,0.004,0.000721111111111111,0,0.180277777777778,0.127777777777778,0.004,0.000860555555555556,0,0.172111111111111,0.0811111111111111,0.005,0.000928,0,0.1856,0.0846666666666667,0.005
0.0227926389837172,0,4.55852779674344,1.38579696956998,0.005,0.662,0,0.662,0,0,0,0,0,0,0,0.005,0,0,0,0,0,0.005,0,0.00699555555555556,0,3.49777777777778,3.49777777777778,0.002,0.00860242800923205,0,2.86747600307735,1.00020578700983,0.003,0.00933555555555556,0,3.11185185185185,1.07333333333333,0.003,0.0149760044903388,0,2.99520089806776,1.15111111111111,0.005,0.0174222222222222,0,3.48444444444444,1.23555555555556,0.005
0.00924593693491699,0,2.31148423372925,2.31469901745315,0.004,0.695,0,0.695,0,0,0,0,0,0,0,0.004,0,0,0,0,0,0.004,0,0.000251666666666667,0,0.125833333333333,0.125833333333333,0.002,0.000275,0,0.1375,0.1375,0.002,3e-04,0,0.15,0.15,0.002,0.000328333333333333,0,0.164166666666667,0.164166666666667,0.002,0.00451833333333333,0,1.50611111111111,0.186666666666667,0.003
0.0837136568007497,0,0.62942599098308,0.0501672349654127,0.133,18.734,0,18.539,0,6.258,1,6.894,2,0,0,0.146,0,0,0,0,0,0.004,0,0.0220178232281199,0,0.366963720468666,0.03,0.06,0.0259599915631364,0,0.324499894539205,0.03,0.08,0.0309799996011224,0,0.322708329178358,0.03,0.096,0.0417097880406497,0,0.379179891278634,0.04,0.11,0.05435,0,0.445491803278689,0.04,0.122
0.489730037288639,0,48.9730037288639,13.6143173574421,0.01,1.998,0,1.998,0,0,0,0,0,0,0,0.01,0,0,0,0,0,0.01,0,0.140021361039151,0,17.5026701298938,6.69818051957528,0.008,0.171956447981512,0,19.1062719979458,6.925,0.009,0.2236,0,22.36,8.525,0.01,0.27425,0,27.425,10.05,0.01,0.33935,0,33.935,11.875,0.01
1.88327592550387e-06,0,0.000209252880611541,2.38095238095238e-05,0.009,48.253,0,34.307,0,10.711,0,7.593,0,0.006,0,0,0,0,0,0,0,0.008,0,0.000596034319485383,0,0.0102764537842307,0.000421388920805718,0.058,0.00135187273897667,0,0.00682764009584179,0.000456025092323429,0.198,0.00245808932351339,0,0.00931094440724767,0.000609300794859565,0.264,0.00351672125913304,0,0.0110242045740848,0.000622373156259465,0.319,0.004155903263695,0,0.0114803957560635,0.000862751491901055,0.362
0,0,NA,NA,0,0.126,0,0.109,0,0,0,0,0,0.001,0,0,0,0,0,0,0,0.006,0,0.00185405178574741,0,0.927025892873706,0.927025892873706,0.002,0.000290861601414556,0,0.145430800707278,0.145430800707278,0.002,0,0,NA,NA,0,0,0,NA,NA,0,0,0,NA,NA,0
0.000258226621407645,0,0.0860755404692149,0.0885655417699073,0.003,19.118,0,15.697,0,7.455,0,7.637,0,0.002,0,0,0,0,0,0,0,0.012,0,0.00985440375559614,0,0.703885982542581,0.008,0.014,0.0156919933959153,0,0.265965989761276,0.0239938994803355,0.059,0.0256559775784032,0,0.251529191945129,0.024,0.102,0.0470508457882279,0,0.348524783616503,0.036,0.135,0.0845830421028303,0,0.515750256724575,0.044,0.164
0.045861057348363,0,2.86631608427268,0.228890455830777,0.016,3.389,0,3.38,0,0.734,0,0.718,0,0,0,0.181,0,0,0,0,0,0.008,0,0.0270805479726596,0,1.80536986484398,0.48,0.015,0.028731406254442,0,1.91542708362947,0.49,0.015,0.0306314810671556,0,2.18796293336825,0.545,0.014,0.0328515462344853,0,2.05322163965533,0.24,0.016,0.035711642844426,0,2.23197767777663,0.225,0.016
0.000470855175328374,0,0.0428050159389431,0.00941958763659887,0.011,2.072,0,2.071,0,0.212,0,0.192,0,0,0,0.013,0,0,0,0,0,0.003,0,4.12307692307692e-05,0,0.00515384615384615,0.00393846153846154,0.008,0.000250830769230769,0,0.0250830769230769,0.00501538461538462,0.01,0.000287692307692308,0,0.0287692307692308,0.00596923076923077,0.01,0.000324738461538462,0,0.0324738461538462,0.00664615384615385,0.01,0.000376553846153846,0,0.0342321678321678,0.00695384615384615,0.011
0.00411459365908273,0,1.37153121969424,1.95589709278998,0.003,0.791,0,0.791,0,0,0,0,0,0,0,0.003,0,0,0,0,0,0.003,0,0.00300212323558244,0,1.00070774519415,1.38666666666667,0.003,0.00317333333333333,0,1.05777777777778,1.47333333333333,0.003,0.00335666666666667,0,1.11888888888889,1.56666666666667,0.003,0.00355,0,1.18333333333333,1.665,0.003,0.003755,0,1.25166666666667,1.77,0.003
1.72476759846325e-06,0,0.000862383799231624,0.000862383799231624,0.002,7.201,0,6.322,0,1.642,0,1.792,0,0.002,0,0,0,0,0,0,0,0.005,0,0.000104696338238249,0,0.00747830987416063,0.000333333333333333,0.014,0.000102053798084922,0,0.00485970467071059,0.000888888888888889,0.021,0.000109215992623362,0,0.00390057116512009,0.000444444444444444,0.028,0.000135882952408924,0,0.00339707381022311,0.000666666666666667,0.04,0.00034677220248659,0,0.00737813196779979,0.000666666666666667,0.047
0.0153643378256102,0,2.56072297093504,0.535598456652186,0.006,1.568,0,1.568,0,0,0,0,0,0,0,0.006,0,0,0,0,0,0.006,0,0.0039952,0,0.665866666666667,0.4156,0.006,0.004988,0,0.831333333333333,0.4344,0.006,0.0062808,0,1.0468,0.454,0.006,0.0079688,0,1.32813333333333,0.4752,0.006,0.010176,0,1.696,0.4972,0.006
0.00258736760531011,0,0.0995141386657735,0.00125549181650349,0.026,3.098,0,3.084,0,1.386,0,1.452,0,0,0,0.087,0,0,0,0,0,0.006,0,0.000301481481481481,0,0.0502469135802469,0.03,0.006,0.000541851337526882,0,0.0677314171908603,0.0285185185185185,0.008,0.00152490244615508,0,0.127075203846256,0.0012962962962963,0.012,0.0026062959550836,0,0.144794219726866,0.000555555555555556,0.018,0.00241221247110193,0,0.0927774027346896,0.000555555555555556,0.026
0.0189616082605644,0,2.10684536228493,0.421476671505765,0.009,1.962,0,1.962,0,0,0,0,0,0,0,0.009,0,0,0,0,0,0.01,0,0.008242,0,1.17742857142857,1.4584,0.007,0.00941,0,1.34428571428571,1.5464,0.007,0.0107908,0,1.54154285714286,1.6396,0.007,0.012802,0,1.60025,1.0564,0.008,0.0148492,0,1.64991111111111,0.3916,0.009
0.00103237445081179,0,0.147482064401684,0.027061445299359,0.007,1.088,0,1.088,0,0,0,0,0,0,0,0.007,0,0,0,0,0,0.007,0,0.000328452380952381,0,0.0821130952380952,0.013452380952381,0.004,0.000389642857142857,0,0.0974107142857143,0.0150595238095238,0.004,0.000463095238095238,0,0.11577380952381,0.017202380952381,0.004,0.000676428571428571,0,0.135285714285714,0.024047619047619,0.005,0.000798333333333333,0,0.133055555555556,0.0235119047619048,0.006
0,0,NA,NA,0,0.639,0,0.639,0,0,0,0,0,0,0,0,0,0,0,0,0,0.009,0,0.00879422899529064,0,8.79422899529064,8.79422899529064,0.001,0.0105717338001414,0,5.28586690007071,5.28586690007071,0.002,0.0338706669704721,0,8.46766674261803,8.20225960224479,0.004,0.03422,0,8.555,8.34,0.004,0.03458,0,8.645,8.48,0.004
0,0,NA,NA,0,0.174,0,0.174,0,0,0,0,0,0,0,0,0,0,0,0,0,0.01,0,7.22904265435348e-05,0,0.0361452132717674,0.0361452132717674,0.002,0,0,NA,NA,0,0,0,NA,NA,0,0,0,NA,NA,0,5.99532743637333e-05,0,0.0599532743637333,0.0599532743637333,0.001
0,0,NA,NA,0,0.628,0,0.628,0,0,0,0,0,0,0,0,0,0,0,0,0,0.012,0,0,0,NA,NA,0,0,0,NA,NA,0,0,0,NA,NA,0,0,0,NA,NA,0,6.19111111111111e-05,0,0.0619111111111111,0.0619111111111111,0.001
0.00289957933554898,0,0.362447416943623,0.270884109918617,0.008,1.484,0,1.484,0,0,0,0,0,0,0,0.008,0,0,0,0,0,0.008,0,0.00165583431735338,0,0.236547759621912,0.2875,0.007,0.001805625,0,0.257946428571429,0.301875,0.007,0.001971875,0,0.281696428571429,0.3175,0.007,0.002156875,0,0.308125,0.33375,0.007,0.00236375,0,0.337678571428571,0.350625,0.007
0.00753877472162587,0,1.07696781737512,0.973463589858521,0.007,1.055,0,1.055,0,0,0,0,0,0,0,0.007,0,0,0,0,0,0.007,0,0.00381595816535432,0,0.763191633070864,0.6864,0.005,0.0041888,0,0.83776,0.7728,0.005,0.004608,0,0.9216,0.8128,0.005,0.00508,0,1.016,0.8544,0.005,0.0059632,0,0.993866666666667,0.884,0.006
2.46133612614671e-08,0,2.46133612614671e-05,2.46133612614671e-05,0.001,8.779,0,7.023,0,2.508,0,2.197,0,0.002,0,0,0,0,0,0,0,0.005,0,0.000320985742095095,0,0.0229275530067925,0.0022,0.014,0.000444799978558986,0,0.0177919991423594,0.0024,0.025,0.000601599807015507,0,0.0143238049289407,0.0016,0.042,0.000745998839683641,0,0.0152244661159927,0.0016,0.049,0.000892399032164112,0,0.0178479806432822,0.0028,0.05
2.46025504707157e-06,0,0.000410042507845261,0.000177650510305398,0.006,72.827,1,45.937,1,35.989,19,42.909,23,0.005,0,0,0,0,0,0,0,0.011,0,1.06074836713705e-05,0,7.79962034659592e-05,1.26984126984127e-05,0.136,4.85206349206349e-05,0,0.000186617826617827,2.96296296296296e-05,0.26,7.14632829141013e-05,0,0.000219887024351081,4.65608465608466e-05,0.325,0.000119870057279312,0,0.000331132754915228,5.5026455026455e-05,0.362,0.000174547558463849,0,0.000445274383836348,5.92592592592593e-05,0.392
1.46374379864409e-09,0,1.46374379864409e-06,1.46374379864409e-06,0.001,2.506,0,1.935,0,5.564,0,3.341,0,0,0,0,0,0,0,0,0,0.011,0,6.68783068783069e-07,0,0.000133756613756614,8.46560846560847e-06,0.005,5.36799570196131e-07,0,5.96443966884591e-05,8.46560846560847e-06,0.009,1.60721283124931e-07,0,1.23631756249947e-05,4.23280423280423e-06,0.013,1.03016886532493e-07,0,9.36517150295388e-06,8.46560846560847e-06,0.011,9.03297706146826e-08,0,6.02198470764551e-06,4.23280423280423e-06,0.015
